2025-07-19T09:54:55.227+0700 [DEBUG] [org.gradle.launcher.daemon.bootstrap.DaemonMain] Assuming the daemon was started with following jvm opts: [-Xmx2048m, -Dfile.encoding=UTF-8, -Duser.country=US, -Duser.language=en, -Duser.variant]
2025-07-19T09:54:55.399+0700 [DEBUG] [org.gradle.internal.remote.internal.inet.InetAddresses] Adding IP addresses for network interface Killer E2600 Gigabit Ethernet Controller-WFP Native MAC Layer LightWeight Filter-0000
2025-07-19T09:54:55.401+0700 [DEBUG] [org.gradle.internal.remote.internal.inet.InetAddresses] Is this a loopback interface? false
2025-07-19T09:54:55.401+0700 [DEBUG] [org.gradle.internal.remote.internal.inet.InetAddresses] Adding IP addresses for network interface Killer E2600 Gigabit Ethernet Controller-QoS Packet Scheduler-0000
2025-07-19T09:54:55.402+0700 [DEBUG] [org.gradle.internal.remote.internal.inet.InetAddresses] Is this a loopback interface? false
2025-07-19T09:54:55.402+0700 [DEBUG] [org.gradle.internal.remote.internal.inet.InetAddresses] Adding IP addresses for network interface Killer E2600 Gigabit Ethernet Controller-WFP 802.3 MAC Layer LightWeight Filter-0000
2025-07-19T09:54:55.403+0700 [DEBUG] [org.gradle.internal.remote.internal.inet.InetAddresses] Is this a loopback interface? false
2025-07-19T09:54:55.403+0700 [DEBUG] [org.gradle.internal.remote.internal.inet.InetAddresses] Adding IP addresses for network interface Microsoft Kernel Debug Network Adapter
2025-07-19T09:54:55.403+0700 [DEBUG] [org.gradle.internal.remote.internal.inet.InetAddresses] Is this a loopback interface? false
2025-07-19T09:54:55.404+0700 [DEBUG] [org.gradle.internal.remote.internal.inet.InetAddresses] Adding IP addresses for network interface Killer E2600 Gigabit Ethernet Controller
2025-07-19T09:54:55.404+0700 [DEBUG] [org.gradle.internal.remote.internal.inet.InetAddresses] Is this a loopback interface? false
2025-07-19T09:54:55.405+0700 [DEBUG] [org.gradle.internal.remote.internal.inet.InetAddresses] Adding remote address /fe80:0:0:0:4ee0:6440:ba63:a594%ethernet_32769
2025-07-19T09:54:55.405+0700 [DEBUG] [org.gradle.internal.remote.internal.inet.InetAddresses] Adding IP addresses for network interface Bluetooth Device (Personal Area Network)
2025-07-19T09:54:55.405+0700 [DEBUG] [org.gradle.internal.remote.internal.inet.InetAddresses] Is this a loopback interface? false
2025-07-19T09:54:55.405+0700 [DEBUG] [org.gradle.internal.remote.internal.inet.InetAddresses] Adding remote address /fe80:0:0:0:1214:5930:d5e2:6f53%ethernet_32770
2025-07-19T09:54:55.406+0700 [DEBUG] [org.gradle.internal.remote.internal.inet.InetAddresses] Adding IP addresses for network interface WAN Miniport (IP)
2025-07-19T09:54:55.406+0700 [DEBUG] [org.gradle.internal.remote.internal.inet.InetAddresses] Is this a loopback interface? false
2025-07-19T09:54:55.406+0700 [DEBUG] [org.gradle.internal.remote.internal.inet.InetAddresses] Adding IP addresses for network interface WAN Miniport (IPv6)
2025-07-19T09:54:55.406+0700 [DEBUG] [org.gradle.internal.remote.internal.inet.InetAddresses] Is this a loopback interface? false
2025-07-19T09:54:55.406+0700 [DEBUG] [org.gradle.internal.remote.internal.inet.InetAddresses] Adding IP addresses for network interface WAN Miniport (Network Monitor)
2025-07-19T09:54:55.407+0700 [DEBUG] [org.gradle.internal.remote.internal.inet.InetAddresses] Is this a loopback interface? false
2025-07-19T09:54:55.407+0700 [DEBUG] [org.gradle.internal.remote.internal.inet.InetAddresses] Adding IP addresses for network interface WAN Miniport (PPPOE)
2025-07-19T09:54:55.407+0700 [DEBUG] [org.gradle.internal.remote.internal.inet.InetAddresses] Is this a loopback interface? false
2025-07-19T09:54:55.407+0700 [DEBUG] [org.gradle.internal.remote.internal.inet.InetAddresses] Adding IP addresses for network interface Software Loopback Interface 1
2025-07-19T09:54:55.407+0700 [DEBUG] [org.gradle.internal.remote.internal.inet.InetAddresses] Is this a loopback interface? true
2025-07-19T09:54:55.407+0700 [DEBUG] [org.gradle.internal.remote.internal.inet.InetAddresses] Adding loopback address /0:0:0:0:0:0:0:1
2025-07-19T09:54:55.408+0700 [DEBUG] [org.gradle.internal.remote.internal.inet.InetAddresses] Adding loopback address /127.0.0.1
2025-07-19T09:54:55.408+0700 [DEBUG] [org.gradle.internal.remote.internal.inet.InetAddresses] Adding IP addresses for network interface MediaTek Wi-Fi 6 MT7921 Wireless LAN Card-WFP Native MAC Layer LightWeight Filter-0000
2025-07-19T09:54:55.408+0700 [DEBUG] [org.gradle.internal.remote.internal.inet.InetAddresses] Is this a loopback interface? false
2025-07-19T09:54:55.408+0700 [DEBUG] [org.gradle.internal.remote.internal.inet.InetAddresses] Adding IP addresses for network interface MediaTek Wi-Fi 6 MT7921 Wireless LAN Card-Virtual WiFi Filter Driver-0000
2025-07-19T09:54:55.408+0700 [DEBUG] [org.gradle.internal.remote.internal.inet.InetAddresses] Is this a loopback interface? false
2025-07-19T09:54:55.409+0700 [DEBUG] [org.gradle.internal.remote.internal.inet.InetAddresses] Adding IP addresses for network interface MediaTek Wi-Fi 6 MT7921 Wireless LAN Card-Native WiFi Filter Driver-0000
2025-07-19T09:54:55.409+0700 [DEBUG] [org.gradle.internal.remote.internal.inet.InetAddresses] Is this a loopback interface? false
2025-07-19T09:54:55.409+0700 [DEBUG] [org.gradle.internal.remote.internal.inet.InetAddresses] Adding IP addresses for network interface MediaTek Wi-Fi 6 MT7921 Wireless LAN Card-QoS Packet Scheduler-0000
2025-07-19T09:54:55.409+0700 [DEBUG] [org.gradle.internal.remote.internal.inet.InetAddresses] Is this a loopback interface? false
2025-07-19T09:54:55.409+0700 [DEBUG] [org.gradle.internal.remote.internal.inet.InetAddresses] Adding IP addresses for network interface MediaTek Wi-Fi 6 MT7921 Wireless LAN Card-WFP 802.3 MAC Layer LightWeight Filter-0000
2025-07-19T09:54:55.410+0700 [DEBUG] [org.gradle.internal.remote.internal.inet.InetAddresses] Is this a loopback interface? false
2025-07-19T09:54:55.410+0700 [DEBUG] [org.gradle.internal.remote.internal.inet.InetAddresses] Adding IP addresses for network interface Microsoft Wi-Fi Direct Virtual Adapter-WFP Native MAC Layer LightWeight Filter-0000
2025-07-19T09:54:55.410+0700 [DEBUG] [org.gradle.internal.remote.internal.inet.InetAddresses] Is this a loopback interface? false
2025-07-19T09:54:55.410+0700 [DEBUG] [org.gradle.internal.remote.internal.inet.InetAddresses] Adding IP addresses for network interface Microsoft Wi-Fi Direct Virtual Adapter-Native WiFi Filter Driver-0000
2025-07-19T09:54:55.410+0700 [DEBUG] [org.gradle.internal.remote.internal.inet.InetAddresses] Is this a loopback interface? false
2025-07-19T09:54:55.410+0700 [DEBUG] [org.gradle.internal.remote.internal.inet.InetAddresses] Adding IP addresses for network interface Microsoft Wi-Fi Direct Virtual Adapter-QoS Packet Scheduler-0000
2025-07-19T09:54:55.411+0700 [DEBUG] [org.gradle.internal.remote.internal.inet.InetAddresses] Is this a loopback interface? false
2025-07-19T09:54:55.411+0700 [DEBUG] [org.gradle.internal.remote.internal.inet.InetAddresses] Adding IP addresses for network interface Microsoft Wi-Fi Direct Virtual Adapter-WFP 802.3 MAC Layer LightWeight Filter-0000
2025-07-19T09:54:55.411+0700 [DEBUG] [org.gradle.internal.remote.internal.inet.InetAddresses] Is this a loopback interface? false
2025-07-19T09:54:55.411+0700 [DEBUG] [org.gradle.internal.remote.internal.inet.InetAddresses] Adding IP addresses for network interface Microsoft Wi-Fi Direct Virtual Adapter #2-WFP Native MAC Layer LightWeight Filter-0000
2025-07-19T09:54:55.411+0700 [DEBUG] [org.gradle.internal.remote.internal.inet.InetAddresses] Is this a loopback interface? false
2025-07-19T09:54:55.412+0700 [DEBUG] [org.gradle.internal.remote.internal.inet.InetAddresses] Adding IP addresses for network interface Microsoft Wi-Fi Direct Virtual Adapter #2-Native WiFi Filter Driver-0000
2025-07-19T09:54:55.412+0700 [DEBUG] [org.gradle.internal.remote.internal.inet.InetAddresses] Is this a loopback interface? false
2025-07-19T09:54:55.412+0700 [DEBUG] [org.gradle.internal.remote.internal.inet.InetAddresses] Adding IP addresses for network interface Microsoft Wi-Fi Direct Virtual Adapter #2-QoS Packet Scheduler-0000
2025-07-19T09:54:55.413+0700 [DEBUG] [org.gradle.internal.remote.internal.inet.InetAddresses] Is this a loopback interface? false
2025-07-19T09:54:55.413+0700 [DEBUG] [org.gradle.internal.remote.internal.inet.InetAddresses] Adding IP addresses for network interface Microsoft Wi-Fi Direct Virtual Adapter #2-WFP 802.3 MAC Layer LightWeight Filter-0000
2025-07-19T09:54:55.413+0700 [DEBUG] [org.gradle.internal.remote.internal.inet.InetAddresses] Is this a loopback interface? false
2025-07-19T09:54:55.413+0700 [DEBUG] [org.gradle.internal.remote.internal.inet.InetAddresses] Adding IP addresses for network interface MediaTek Wi-Fi 6 MT7921 Wireless LAN Card
2025-07-19T09:54:55.414+0700 [DEBUG] [org.gradle.internal.remote.internal.inet.InetAddresses] Is this a loopback interface? false
2025-07-19T09:54:55.414+0700 [DEBUG] [org.gradle.internal.remote.internal.inet.InetAddresses] Adding remote address /fe80:0:0:0:48f4:c8d7:dda3:a72c%wireless_32768
2025-07-19T09:54:55.414+0700 [DEBUG] [org.gradle.internal.remote.internal.inet.InetAddresses] Adding remote address /172.16.96.56
2025-07-19T09:54:55.414+0700 [DEBUG] [org.gradle.internal.remote.internal.inet.InetAddresses] Adding IP addresses for network interface Microsoft Wi-Fi Direct Virtual Adapter
2025-07-19T09:54:55.414+0700 [DEBUG] [org.gradle.internal.remote.internal.inet.InetAddresses] Is this a loopback interface? false
2025-07-19T09:54:55.414+0700 [DEBUG] [org.gradle.internal.remote.internal.inet.InetAddresses] Adding remote address /fe80:0:0:0:5211:167a:814d:bfc3%wireless_32769
2025-07-19T09:54:55.414+0700 [DEBUG] [org.gradle.internal.remote.internal.inet.InetAddresses] Adding IP addresses for network interface Microsoft Wi-Fi Direct Virtual Adapter #2
2025-07-19T09:54:55.415+0700 [DEBUG] [org.gradle.internal.remote.internal.inet.InetAddresses] Is this a loopback interface? false
2025-07-19T09:54:55.415+0700 [DEBUG] [org.gradle.internal.remote.internal.inet.InetAddresses] Adding remote address /fe80:0:0:0:8ed8:be7f:b3b8:51c6%wireless_32770
2025-07-19T09:54:55.415+0700 [DEBUG] [org.gradle.internal.remote.internal.inet.InetAddresses] Adding IP addresses for network interface Microsoft Teredo Tunneling Adapter
2025-07-19T09:54:55.416+0700 [DEBUG] [org.gradle.internal.remote.internal.inet.InetAddresses] Is this a loopback interface? false
2025-07-19T09:54:55.416+0700 [DEBUG] [org.gradle.internal.remote.internal.inet.InetAddresses] Adding IP addresses for network interface Microsoft IP-HTTPS Platform Adapter
2025-07-19T09:54:55.416+0700 [DEBUG] [org.gradle.internal.remote.internal.inet.InetAddresses] Is this a loopback interface? false
2025-07-19T09:54:55.416+0700 [DEBUG] [org.gradle.internal.remote.internal.inet.InetAddresses] Adding IP addresses for network interface Microsoft 6to4 Adapter
2025-07-19T09:54:55.416+0700 [DEBUG] [org.gradle.internal.remote.internal.inet.InetAddresses] Is this a loopback interface? false
2025-07-19T09:54:55.417+0700 [DEBUG] [org.gradle.internal.remote.internal.inet.InetAddresses] Adding IP addresses for network interface WAN Miniport (SSTP)
2025-07-19T09:54:55.417+0700 [DEBUG] [org.gradle.internal.remote.internal.inet.InetAddresses] Is this a loopback interface? false
2025-07-19T09:54:55.417+0700 [DEBUG] [org.gradle.internal.remote.internal.inet.InetAddresses] Adding IP addresses for network interface WAN Miniport (IKEv2)
2025-07-19T09:54:55.417+0700 [DEBUG] [org.gradle.internal.remote.internal.inet.InetAddresses] Is this a loopback interface? false
2025-07-19T09:54:55.417+0700 [DEBUG] [org.gradle.internal.remote.internal.inet.InetAddresses] Adding IP addresses for network interface WAN Miniport (L2TP)
2025-07-19T09:54:55.417+0700 [DEBUG] [org.gradle.internal.remote.internal.inet.InetAddresses] Is this a loopback interface? false
2025-07-19T09:54:55.417+0700 [DEBUG] [org.gradle.internal.remote.internal.inet.InetAddresses] Adding IP addresses for network interface WAN Miniport (PPTP)
2025-07-19T09:54:55.418+0700 [DEBUG] [org.gradle.internal.remote.internal.inet.InetAddresses] Is this a loopback interface? false
2025-07-19T09:54:55.433+0700 [DEBUG] [org.gradle.internal.nativeintegration.services.NativeServices] Native-platform posix files integration is not available. Continuing with fallback.
2025-07-19T09:54:55.456+0700 [INFO] [org.gradle.launcher.daemon.server.Daemon] start() called on daemon - DefaultDaemonContext[uid=7f8dc95a-a81c-43d1-a518-973fdc78349a,javaHome=C:\Program Files\Android\Android Studio\jbr,javaVersion=21,javaVendor=JetBrains s.r.o.,daemonRegistryDir=C:\Android Project\iShop\daemon,pid=1912,idleTimeout=10800000,priority=NORMAL,applyInstrumentationAgent=true,nativeServicesMode=ENABLED,daemonOpts=-Xmx2048m,-Dfile.encoding=UTF-8,-Duser.country=US,-Duser.language=en,-Duser.variant]
2025-07-19T09:54:55.571+0700 [DEBUG] [org.gradle.internal.remote.internal.inet.TcpIncomingConnector] Listening on [94aafea4-a752-403c-b001-efdcb329b0c2 port:57060, addresses:[localhost/127.0.0.1]].
2025-07-19T09:54:55.590+0700 [DEBUG] [org.gradle.launcher.daemon.server.Daemon] Daemon starting at: Sat Jul 19 09:54:55 ICT 2025, with address: [94aafea4-a752-403c-b001-efdcb329b0c2 port:57060, addresses:[localhost/127.0.0.1]]
2025-07-19T09:54:55.591+0700 [INFO] [org.gradle.launcher.daemon.server.DaemonRegistryUpdater] Advertising the daemon address to the clients: [94aafea4-a752-403c-b001-efdcb329b0c2 port:57060, addresses:[localhost/127.0.0.1]]
2025-07-19T09:54:55.591+0700 [DEBUG] [org.gradle.launcher.daemon.server.DaemonRegistryUpdater] Advertised daemon context: DefaultDaemonContext[uid=7f8dc95a-a81c-43d1-a518-973fdc78349a,javaHome=C:\Program Files\Android\Android Studio\jbr,javaVersion=21,javaVendor=JetBrains s.r.o.,daemonRegistryDir=C:\Android Project\iShop\daemon,pid=1912,idleTimeout=10800000,priority=NORMAL,applyInstrumentationAgent=true,nativeServicesMode=ENABLED,daemonOpts=-Xmx2048m,-Dfile.encoding=UTF-8,-Duser.country=US,-Duser.language=en,-Duser.variant]
2025-07-19T09:54:55.592+0700 [DEBUG] [org.gradle.launcher.daemon.registry.PersistentDaemonRegistry] Storing daemon address: [94aafea4-a752-403c-b001-efdcb329b0c2 port:57060, addresses:[localhost/127.0.0.1]], context: DefaultDaemonContext[uid=7f8dc95a-a81c-43d1-a518-973fdc78349a,javaHome=C:\Program Files\Android\Android Studio\jbr,javaVersion=21,javaVendor=JetBrains s.r.o.,daemonRegistryDir=C:\Android Project\iShop\daemon,pid=1912,idleTimeout=10800000,priority=NORMAL,applyInstrumentationAgent=true,nativeServicesMode=ENABLED,daemonOpts=-Xmx2048m,-Dfile.encoding=UTF-8,-Duser.country=US,-Duser.language=en,-Duser.variant]
2025-07-19T09:54:55.601+0700 [DEBUG] [org.gradle.cache.internal.DefaultFileLockManager] Waiting to acquire exclusive lock on daemon addresses registry.
2025-07-19T09:54:55.605+0700 [DEBUG] [org.gradle.cache.internal.DefaultFileLockManager] Lock acquired on daemon addresses registry.
2025-07-19T09:54:55.610+0700 [DEBUG] [org.gradle.cache.internal.DefaultFileLockManager] Releasing lock on daemon addresses registry.
2025-07-19T09:54:55.611+0700 [LIFECYCLE] [org.gradle.launcher.daemon.server.Daemon] Daemon server started.
2025-07-19T09:54:55.612+0700 [DEBUG] [org.gradle.launcher.daemon.bootstrap.DaemonStartupCommunication] Completed writing the daemon greeting. Closing streams...
2025-07-19T09:54:55.618+0700 [DEBUG] [org.gradle.internal.remote.internal.inet.TcpIncomingConnector] Accepted connection from /127.0.0.1:57061 to /127.0.0.1:57060.
2025-07-19T09:54:55.622+0700 [DEBUG] [org.gradle.launcher.daemon.server.Daemon] stopOnExpiration() called on daemon
2025-07-19T09:54:55.623+0700 [DEBUG] [org.gradle.launcher.daemon.server.Daemon] awaitExpiration() called on daemon
2025-07-19T09:54:55.624+0700 [DEBUG] [org.gradle.launcher.daemon.server.DaemonStateCoordinator] daemon is running. Sleeping until state changes.
2025-07-19T09:54:55.689+0700 [DEBUG] [org.gradle.launcher.daemon.server.SynchronizedDispatchConnection] thread 34: received class org.gradle.launcher.daemon.protocol.Build
2025-07-19T09:54:55.689+0700 [DEBUG] [org.gradle.launcher.daemon.server.DefaultDaemonConnection] thread 34: Received non-IO message from client: Build{id=1bfc83d5-b84a-4388-8552-2a33082542b0, currentDir=C:\Android Project\iShop}
2025-07-19T09:54:55.690+0700 [INFO] [org.gradle.launcher.daemon.server.DefaultIncomingConnectionHandler] Received command: Build{id=1bfc83d5-b84a-4388-8552-2a33082542b0, currentDir=C:\Android Project\iShop}.
2025-07-19T09:54:55.690+0700 [DEBUG] [org.gradle.launcher.daemon.server.DefaultIncomingConnectionHandler] Starting executing command: Build{id=1bfc83d5-b84a-4388-8552-2a33082542b0, currentDir=C:\Android Project\iShop} with connection: socket connection from /127.0.0.1:57060 to /127.0.0.1:57061.
2025-07-19T09:54:55.693+0700 [DEBUG] [org.gradle.launcher.daemon.server.DaemonStateCoordinator] Command execution: started DaemonCommandExecution[command = Build{id=1bfc83d5-b84a-4388-8552-2a33082542b0, currentDir=C:\Android Project\iShop}, connection = DefaultDaemonConnection: socket connection from /127.0.0.1:57060 to /127.0.0.1:57061] after 0.0020833333333333333 minutes of idle
2025-07-19T09:54:55.693+0700 [INFO] [org.gradle.launcher.daemon.server.DaemonRegistryUpdater] Marking the daemon as busy, address: [94aafea4-a752-403c-b001-efdcb329b0c2 port:57060, addresses:[localhost/127.0.0.1]]
2025-07-19T09:54:55.693+0700 [DEBUG] [org.gradle.launcher.daemon.registry.PersistentDaemonRegistry] Marking busy by address: [94aafea4-a752-403c-b001-efdcb329b0c2 port:57060, addresses:[localhost/127.0.0.1]]
2025-07-19T09:54:55.695+0700 [DEBUG] [org.gradle.cache.internal.DefaultFileLockManager] Waiting to acquire exclusive lock on daemon addresses registry.
2025-07-19T09:54:55.695+0700 [DEBUG] [org.gradle.cache.internal.DefaultFileLockManager] Lock acquired on daemon addresses registry.
2025-07-19T09:54:55.696+0700 [DEBUG] [org.gradle.cache.internal.DefaultFileLockManager] Releasing lock on daemon addresses registry.
2025-07-19T09:54:55.696+0700 [DEBUG] [org.gradle.launcher.daemon.server.DaemonStateCoordinator] resetting idle timer
2025-07-19T09:54:55.696+0700 [DEBUG] [org.gradle.launcher.daemon.server.DaemonStateCoordinator] daemon is running. Sleeping until state changes.
2025-07-19T09:54:55.697+0700 [INFO] [org.gradle.launcher.daemon.server.exec.StartBuildOrRespondWithBusy] Daemon is about to start building Build{id=1bfc83d5-b84a-4388-8552-2a33082542b0, currentDir=C:\Android Project\iShop}. Dispatching build started information...
2025-07-19T09:54:55.698+0700 [DEBUG] [org.gradle.launcher.daemon.server.SynchronizedDispatchConnection] thread 36: dispatching org.gradle.launcher.daemon.protocol.BuildStarted@38775bf8
2025-07-19T09:54:55.699+0700 [DEBUG] [org.gradle.launcher.daemon.server.exec.EstablishBuildEnvironment] Configuring env variables: [USERDOMAIN_ROAMINGPROFILE, LOCALAPPDATA, PROCESSOR_LEVEL, USERDOMAIN, LOGONSERVER, FPS_BROWSER_APP_PROFILE_STRING, SESSIONNAME, ALLUSERSPROFILE, PROCESSOR_ARCHITECTURE, __COMPAT_LAYER, PSModulePath, SystemDrive, EFC_10376_1592913036, OneDrive, APPDATA, USERNAME, ProgramFiles(x86), CommonProgramFiles, Path, FPS_BROWSER_USER_PROFILE_STRING, PATHEXT, DriverData, OS, OneDriveConsumer, COMPUTERNAME, PROCESSOR_REVISION, CommonProgramW6432, ComSpec, ProgramData, ProgramW6432, TEMP, HOMEPATH, SystemRoot, PROCESSOR_IDENTIFIER, HOMEDRIVE, USERPROFILE, TMP, CommonProgramFiles(x86), ProgramFiles, PUBLIC, windir, NUMBER_OF_PROCESSORS, =::]
2025-07-19T09:54:55.704+0700 [DEBUG] [org.gradle.launcher.daemon.server.exec.LogToClient] About to start relaying all logs to the client via the connection.
2025-07-19T09:54:55.704+0700 [INFO] [org.gradle.launcher.daemon.server.exec.LogToClient] The client will now receive all logging from the daemon (pid: 1912). The daemon log file: C:\Android Project\iShop\daemon\8.13\daemon-1912.out.log
2025-07-19T09:54:55.706+0700 [INFO] [org.gradle.launcher.daemon.server.exec.LogAndCheckHealth] Starting build in new daemon [memory: 2 GiB]
2025-07-19T09:54:55.709+0700 [DEBUG] [org.gradle.launcher.daemon.server.exec.ExecuteBuild] The daemon has started executing the build.
2025-07-19T09:54:55.709+0700 [DEBUG] [org.gradle.launcher.daemon.server.exec.ExecuteBuild] Executing build with daemon context: DefaultDaemonContext[uid=7f8dc95a-a81c-43d1-a518-973fdc78349a,javaHome=C:\Program Files\Android\Android Studio\jbr,javaVersion=21,javaVendor=JetBrains s.r.o.,daemonRegistryDir=C:\Android Project\iShop\daemon,pid=1912,idleTimeout=10800000,priority=NORMAL,applyInstrumentationAgent=true,nativeServicesMode=ENABLED,daemonOpts=-Xmx2048m,-Dfile.encoding=UTF-8,-Duser.country=US,-Duser.language=en,-Duser.variant]
Java compiler version 21 has deprecated support for compiling with source/target version 8.
Try one of the following options:
    1. [Recommended] Use Java toolchain with a lower language version
    2. Set a higher source/target version
    3. Use a lower version of the JDK running the build (if you're not using Java toolchain)
For more details on how to configure these settings, see https://developer.android.com/build/jdks.
To suppress this warning, set android.javaCompile.suppressSourceTargetDeprecationWarning=true in gradle.properties.
warning: [options] source value 8 is obsolete and will be removed in a future release
warning: [options] target value 8 is obsolete and will be removed in a future release
warning: [options] To suppress warnings about obsolete options, use -Xlint:-options.
Note: Some input files use or override a deprecated API.
Note: Recompile with -Xlint:deprecation for details.
Note: Some input files use unchecked or unsafe operations.
Note: Recompile with -Xlint:unchecked for details.
3 warnings

[Incubating] Problems report is available at: file:///C:/Android%20Project/iShop/build/reports/problems/problems-report.html

BUILD SUCCESSFUL in 50s
31 actionable tasks: 31 executed
2025-07-19T09:55:44.568+0700 [DEBUG] [org.gradle.launcher.daemon.server.exec.ExecuteBuild] The daemon has finished executing the build.
2025-07-19T09:55:44.587+0700 [DEBUG] [org.gradle.launcher.daemon.server.DaemonStateCoordinator] daemon is running. Sleeping until state changes.
2025-07-19T09:55:44.590+0700 [DEBUG] [org.gradle.launcher.daemon.server.DaemonStateCoordinator] Command execution: finished waiting for DaemonCommandExecution[command = Build{id=1bfc83d5-b84a-4388-8552-2a33082542b0, currentDir=C:\Android Project\iShop}, connection = DefaultDaemonConnection: socket connection from /127.0.0.1:57060 to /127.0.0.1:57061]. Result org.gradle.launcher.daemon.server.DaemonStateCoordinator@441ac5f3 with state Busy
2025-07-19T09:55:44.591+0700 [DEBUG] [org.gradle.launcher.daemon.server.DaemonStateCoordinator] Command execution: completed DaemonCommandExecution[command = Build{id=1bfc83d5-b84a-4388-8552-2a33082542b0, currentDir=C:\Android Project\iShop}, connection = DefaultDaemonConnection: socket connection from /127.0.0.1:57060 to /127.0.0.1:57061]
2025-07-19T09:55:44.592+0700 [DEBUG] [org.gradle.launcher.daemon.server.DaemonStateCoordinator] resetting idle timer
2025-07-19T09:55:44.592+0700 [INFO] [org.gradle.launcher.daemon.server.DaemonRegistryUpdater] Marking the daemon as idle, address: [94aafea4-a752-403c-b001-efdcb329b0c2 port:57060, addresses:[localhost/127.0.0.1]]
2025-07-19T09:55:44.592+0700 [DEBUG] [org.gradle.launcher.daemon.registry.PersistentDaemonRegistry] Marking busy by address: [94aafea4-a752-403c-b001-efdcb329b0c2 port:57060, addresses:[localhost/127.0.0.1]]
2025-07-19T09:55:44.594+0700 [DEBUG] [org.gradle.cache.internal.DefaultFileLockManager] Waiting to acquire exclusive lock on daemon addresses registry.
2025-07-19T09:55:44.595+0700 [DEBUG] [org.gradle.cache.internal.DefaultFileLockManager] Lock acquired on daemon addresses registry.
2025-07-19T09:55:44.597+0700 [DEBUG] [org.gradle.cache.internal.DefaultFileLockManager] Releasing lock on daemon addresses registry.
2025-07-19T09:55:44.597+0700 [DEBUG] [org.gradle.launcher.daemon.server.DaemonStateCoordinator] daemon is running. Sleeping until state changes.
2025-07-19T09:55:44.597+0700 [DEBUG] [org.gradle.launcher.daemon.server.exec.ReturnResult] Daemon is dispatching the build result: Success[value=org.gradle.launcher.exec.BuildActionResult@673de215]
2025-07-19T09:55:44.598+0700 [DEBUG] [org.gradle.launcher.daemon.server.SynchronizedDispatchConnection] thread 33: dispatching Success[value=org.gradle.launcher.exec.BuildActionResult@673de215]
2025-07-19T09:55:44.603+0700 [DEBUG] [org.gradle.launcher.daemon.server.SynchronizedDispatchConnection] thread 34: received class org.gradle.launcher.daemon.protocol.CloseInput
2025-07-19T09:55:44.604+0700 [DEBUG] [org.gradle.launcher.daemon.server.DefaultDaemonConnection] thread 34: Received IO message from client: org.gradle.launcher.daemon.protocol.CloseInput@5e6f3834
2025-07-19T09:55:44.604+0700 [DEBUG] [org.gradle.launcher.daemon.server.SynchronizedDispatchConnection] thread 34: received class org.gradle.launcher.daemon.protocol.Finished
2025-07-19T09:55:44.605+0700 [DEBUG] [org.gradle.launcher.daemon.server.DefaultDaemonConnection] thread 34: Received non-IO message from client: org.gradle.launcher.daemon.protocol.Finished@3c69b899
2025-07-19T09:55:44.607+0700 [DEBUG] [org.gradle.internal.remote.internal.inet.SocketConnection] Discarding EOFException: java.io.EOFException
2025-07-19T09:55:44.607+0700 [DEBUG] [org.gradle.launcher.daemon.server.SynchronizedDispatchConnection] thread 34: received null
2025-07-19T09:55:44.607+0700 [DEBUG] [org.gradle.launcher.daemon.server.DefaultDaemonConnection] thread 34: Received end-of-input from client.
2025-07-19T09:55:44.615+0700 [DEBUG] [org.gradle.launcher.daemon.server.exec.CleanUpVirtualFileSystemAfterBuild] Cleaning virtual file system after build finished
2025-07-19T09:55:44.617+0700 [DEBUG] [org.gradle.launcher.daemon.server.DefaultIncomingConnectionHandler] Finishing executing command: Build{id=1bfc83d5-b84a-4388-8552-2a33082542b0, currentDir=C:\Android Project\iShop}
2025-07-19T09:55:44.618+0700 [WARN] [org.gradle.launcher.daemon.server.DefaultIncomingConnectionHandler] Timed out waiting for finished message from client socket connection from /127.0.0.1:57060 to /127.0.0.1:57061. Discarding connection.
2025-07-19T09:55:44.618+0700 [DEBUG] [org.gradle.launcher.daemon.server.SynchronizedDispatchConnection] thread 33: stopping connection
2025-07-19T09:55:44.622+0700 [DEBUG] [org.gradle.launcher.daemon.server.SynchronizedDispatchConnection] thread 33: stopping connection
2025-07-19T09:55:45.655+0700 [DEBUG] [org.gradle.cache.internal.DefaultFileLockManager] Waiting to acquire shared lock on daemon addresses registry.
2025-07-19T09:55:45.668+0700 [DEBUG] [org.gradle.cache.internal.DefaultFileLockManager] Lock acquired on daemon addresses registry.
2025-07-19T09:55:45.669+0700 [DEBUG] [org.gradle.cache.internal.DefaultFileLockManager] Releasing lock on daemon addresses registry.
2025-07-19T09:55:45.698+0700 [DEBUG] [org.gradle.cache.internal.DefaultFileLockManager] Waiting to acquire shared lock on daemon addresses registry.
2025-07-19T09:55:45.703+0700 [DEBUG] [org.gradle.cache.internal.DefaultFileLockManager] Lock acquired on daemon addresses registry.
2025-07-19T09:55:45.718+0700 [DEBUG] [org.gradle.cache.internal.DefaultFileLockManager] Releasing lock on daemon addresses registry.
2025-07-19T09:55:47.210+0700 [DEBUG] [org.gradle.process.internal.health.memory.DefaultMemoryManager] 789794406 physical memory requested, 465727488 free
2025-07-19T09:55:47.251+0700 [DEBUG] [org.gradle.workers.internal.WorkerDaemonExpiration] Will attempt to release 753 of memory
2025-07-19T09:55:47.251+0700 [DEBUG] [org.gradle.process.internal.health.memory.DefaultMemoryManager] 789794406 physical memory requested, 0 released, 465727488 free
2025-07-19T09:55:52.019+0700 [DEBUG] [org.gradle.process.internal.health.memory.DefaultMemoryManager] 789794406 physical memory requested, 654897152 free
2025-07-19T09:55:52.019+0700 [DEBUG] [org.gradle.workers.internal.WorkerDaemonExpiration] Will attempt to release 753 of memory
2025-07-19T09:55:52.019+0700 [DEBUG] [org.gradle.process.internal.health.memory.DefaultMemoryManager] 789794406 physical memory requested, 0 released, 654897152 free
2025-07-19T09:55:55.625+0700 [DEBUG] [org.gradle.cache.internal.DefaultFileLockManager] Waiting to acquire shared lock on daemon addresses registry.
2025-07-19T09:55:55.626+0700 [DEBUG] [org.gradle.cache.internal.DefaultFileLockManager] Lock acquired on daemon addresses registry.
2025-07-19T09:55:55.626+0700 [DEBUG] [org.gradle.cache.internal.DefaultFileLockManager] Releasing lock on daemon addresses registry.
2025-07-19T09:55:55.628+0700 [DEBUG] [org.gradle.cache.internal.DefaultFileLockManager] Waiting to acquire shared lock on daemon addresses registry.
2025-07-19T09:55:55.628+0700 [DEBUG] [org.gradle.cache.internal.DefaultFileLockManager] Lock acquired on daemon addresses registry.
2025-07-19T09:55:55.628+0700 [DEBUG] [org.gradle.cache.internal.DefaultFileLockManager] Releasing lock on daemon addresses registry.
2025-07-19T09:55:55.629+0700 [DEBUG] [org.gradle.cache.internal.DefaultFileLockManager] Waiting to acquire shared lock on daemon addresses registry.
2025-07-19T09:55:55.630+0700 [DEBUG] [org.gradle.cache.internal.DefaultFileLockManager] Lock acquired on daemon addresses registry.
2025-07-19T09:55:55.630+0700 [DEBUG] [org.gradle.cache.internal.DefaultFileLockManager] Releasing lock on daemon addresses registry.
2025-07-19T09:56:05.627+0700 [DEBUG] [org.gradle.cache.internal.DefaultFileLockManager] Waiting to acquire shared lock on daemon addresses registry.
2025-07-19T09:56:05.627+0700 [DEBUG] [org.gradle.cache.internal.DefaultFileLockManager] Lock acquired on daemon addresses registry.
2025-07-19T09:56:05.627+0700 [DEBUG] [org.gradle.cache.internal.DefaultFileLockManager] Releasing lock on daemon addresses registry.
2025-07-19T09:56:05.628+0700 [DEBUG] [org.gradle.cache.internal.DefaultFileLockManager] Waiting to acquire shared lock on daemon addresses registry.
2025-07-19T09:56:05.628+0700 [DEBUG] [org.gradle.cache.internal.DefaultFileLockManager] Lock acquired on daemon addresses registry.
2025-07-19T09:56:05.629+0700 [DEBUG] [org.gradle.cache.internal.DefaultFileLockManager] Releasing lock on daemon addresses registry.
2025-07-19T09:56:05.629+0700 [DEBUG] [org.gradle.cache.internal.DefaultFileLockManager] Waiting to acquire shared lock on daemon addresses registry.
2025-07-19T09:56:05.629+0700 [DEBUG] [org.gradle.cache.internal.DefaultFileLockManager] Lock acquired on daemon addresses registry.
2025-07-19T09:56:05.630+0700 [DEBUG] [org.gradle.cache.internal.DefaultFileLockManager] Releasing lock on daemon addresses registry.
2025-07-19T09:56:15.627+0700 [DEBUG] [org.gradle.cache.internal.DefaultFileLockManager] Waiting to acquire shared lock on daemon addresses registry.
2025-07-19T09:56:15.627+0700 [DEBUG] [org.gradle.cache.internal.DefaultFileLockManager] Lock acquired on daemon addresses registry.
2025-07-19T09:56:15.628+0700 [DEBUG] [org.gradle.cache.internal.DefaultFileLockManager] Releasing lock on daemon addresses registry.
2025-07-19T09:56:15.628+0700 [DEBUG] [org.gradle.cache.internal.DefaultFileLockManager] Waiting to acquire shared lock on daemon addresses registry.
2025-07-19T09:56:15.629+0700 [DEBUG] [org.gradle.cache.internal.DefaultFileLockManager] Lock acquired on daemon addresses registry.
2025-07-19T09:56:15.629+0700 [DEBUG] [org.gradle.cache.internal.DefaultFileLockManager] Releasing lock on daemon addresses registry.
2025-07-19T09:56:15.629+0700 [DEBUG] [org.gradle.cache.internal.DefaultFileLockManager] Waiting to acquire shared lock on daemon addresses registry.
2025-07-19T09:56:15.630+0700 [DEBUG] [org.gradle.cache.internal.DefaultFileLockManager] Lock acquired on daemon addresses registry.
2025-07-19T09:56:15.630+0700 [DEBUG] [org.gradle.cache.internal.DefaultFileLockManager] Releasing lock on daemon addresses registry.
2025-07-19T09:56:25.632+0700 [DEBUG] [org.gradle.cache.internal.DefaultFileLockManager] Waiting to acquire shared lock on daemon addresses registry.
2025-07-19T09:56:25.632+0700 [DEBUG] [org.gradle.cache.internal.DefaultFileLockManager] Lock acquired on daemon addresses registry.
2025-07-19T09:56:25.633+0700 [DEBUG] [org.gradle.cache.internal.DefaultFileLockManager] Releasing lock on daemon addresses registry.
2025-07-19T09:56:25.634+0700 [DEBUG] [org.gradle.cache.internal.DefaultFileLockManager] Waiting to acquire shared lock on daemon addresses registry.
2025-07-19T09:56:25.634+0700 [DEBUG] [org.gradle.cache.internal.DefaultFileLockManager] Lock acquired on daemon addresses registry.
2025-07-19T09:56:25.634+0700 [DEBUG] [org.gradle.cache.internal.DefaultFileLockManager] Releasing lock on daemon addresses registry.
2025-07-19T09:56:25.635+0700 [DEBUG] [org.gradle.cache.internal.DefaultFileLockManager] Waiting to acquire shared lock on daemon addresses registry.
2025-07-19T09:56:25.636+0700 [DEBUG] [org.gradle.cache.internal.DefaultFileLockManager] Lock acquired on daemon addresses registry.
2025-07-19T09:56:25.636+0700 [DEBUG] [org.gradle.cache.internal.DefaultFileLockManager] Releasing lock on daemon addresses registry.
2025-07-19T09:56:27.016+0700 [DEBUG] [org.gradle.process.internal.health.memory.DefaultMemoryManager] 789794406 physical memory requested, 732475392 free
2025-07-19T09:56:27.017+0700 [DEBUG] [org.gradle.workers.internal.WorkerDaemonExpiration] Will attempt to release 753 of memory
2025-07-19T09:56:27.017+0700 [DEBUG] [org.gradle.process.internal.health.memory.DefaultMemoryManager] 789794406 physical memory requested, 0 released, 732475392 free
2025-07-19T09:56:32.016+0700 [DEBUG] [org.gradle.process.internal.health.memory.DefaultMemoryManager] 789794406 physical memory requested, 729980928 free
2025-07-19T09:56:32.016+0700 [DEBUG] [org.gradle.workers.internal.WorkerDaemonExpiration] Will attempt to release 753 of memory
2025-07-19T09:56:32.018+0700 [DEBUG] [org.gradle.process.internal.health.memory.DefaultMemoryManager] 789794406 physical memory requested, 0 released, 729980928 free
2025-07-19T09:56:35.637+0700 [DEBUG] [org.gradle.cache.internal.DefaultFileLockManager] Waiting to acquire shared lock on daemon addresses registry.
2025-07-19T09:56:35.639+0700 [DEBUG] [org.gradle.cache.internal.DefaultFileLockManager] Lock acquired on daemon addresses registry.
2025-07-19T09:56:35.647+0700 [DEBUG] [org.gradle.cache.internal.DefaultFileLockManager] Releasing lock on daemon addresses registry.
2025-07-19T09:56:35.650+0700 [DEBUG] [org.gradle.cache.internal.DefaultFileLockManager] Waiting to acquire shared lock on daemon addresses registry.
2025-07-19T09:56:35.672+0700 [DEBUG] [org.gradle.cache.internal.DefaultFileLockManager] Lock acquired on daemon addresses registry.
2025-07-19T09:56:35.677+0700 [DEBUG] [org.gradle.cache.internal.DefaultFileLockManager] Releasing lock on daemon addresses registry.
2025-07-19T09:56:35.715+0700 [DEBUG] [org.gradle.cache.internal.DefaultFileLockManager] Waiting to acquire shared lock on daemon addresses registry.
2025-07-19T09:56:35.717+0700 [DEBUG] [org.gradle.cache.internal.DefaultFileLockManager] Lock acquired on daemon addresses registry.
2025-07-19T09:56:35.718+0700 [DEBUG] [org.gradle.cache.internal.DefaultFileLockManager] Releasing lock on daemon addresses registry.
2025-07-19T09:56:42.005+0700 [DEBUG] [org.gradle.process.internal.health.memory.DefaultMemoryManager] 789794406 physical memory requested, 781791232 free
2025-07-19T09:56:42.007+0700 [DEBUG] [org.gradle.workers.internal.WorkerDaemonExpiration] Will attempt to release 753 of memory
2025-07-19T09:56:42.007+0700 [DEBUG] [org.gradle.process.internal.health.memory.DefaultMemoryManager] 789794406 physical memory requested, 0 released, 781791232 free
2025-07-19T09:56:45.634+0700 [DEBUG] [org.gradle.cache.internal.DefaultFileLockManager] Waiting to acquire shared lock on daemon addresses registry.
2025-07-19T09:56:45.635+0700 [DEBUG] [org.gradle.cache.internal.DefaultFileLockManager] Lock acquired on daemon addresses registry.
2025-07-19T09:56:45.635+0700 [DEBUG] [org.gradle.cache.internal.DefaultFileLockManager] Releasing lock on daemon addresses registry.
2025-07-19T09:56:45.636+0700 [DEBUG] [org.gradle.cache.internal.DefaultFileLockManager] Waiting to acquire shared lock on daemon addresses registry.
2025-07-19T09:56:45.637+0700 [DEBUG] [org.gradle.cache.internal.DefaultFileLockManager] Lock acquired on daemon addresses registry.
2025-07-19T09:56:45.637+0700 [DEBUG] [org.gradle.cache.internal.DefaultFileLockManager] Releasing lock on daemon addresses registry.
2025-07-19T09:56:45.639+0700 [DEBUG] [org.gradle.cache.internal.DefaultFileLockManager] Waiting to acquire shared lock on daemon addresses registry.
2025-07-19T09:56:45.640+0700 [DEBUG] [org.gradle.cache.internal.DefaultFileLockManager] Lock acquired on daemon addresses registry.
2025-07-19T09:56:45.641+0700 [DEBUG] [org.gradle.cache.internal.DefaultFileLockManager] Releasing lock on daemon addresses registry.
2025-07-19T09:56:47.004+0700 [DEBUG] [org.gradle.process.internal.health.memory.DefaultMemoryManager] 789794406 physical memory requested, 703119360 free
2025-07-19T09:56:47.004+0700 [DEBUG] [org.gradle.workers.internal.WorkerDaemonExpiration] Will attempt to release 753 of memory
2025-07-19T09:56:47.004+0700 [DEBUG] [org.gradle.process.internal.health.memory.DefaultMemoryManager] 789794406 physical memory requested, 0 released, 703119360 free
2025-07-19T09:56:52.004+0700 [DEBUG] [org.gradle.process.internal.health.memory.DefaultMemoryManager] 789794406 physical memory requested, 646615040 free
2025-07-19T09:56:52.004+0700 [DEBUG] [org.gradle.workers.internal.WorkerDaemonExpiration] Will attempt to release 753 of memory
2025-07-19T09:56:52.004+0700 [DEBUG] [org.gradle.process.internal.health.memory.DefaultMemoryManager] 789794406 physical memory requested, 0 released, 646615040 free
2025-07-19T09:56:55.637+0700 [DEBUG] [org.gradle.cache.internal.DefaultFileLockManager] Waiting to acquire shared lock on daemon addresses registry.
2025-07-19T09:56:55.637+0700 [DEBUG] [org.gradle.cache.internal.DefaultFileLockManager] Lock acquired on daemon addresses registry.
2025-07-19T09:56:55.638+0700 [DEBUG] [org.gradle.cache.internal.DefaultFileLockManager] Releasing lock on daemon addresses registry.
2025-07-19T09:56:55.638+0700 [DEBUG] [org.gradle.cache.internal.DefaultFileLockManager] Waiting to acquire shared lock on daemon addresses registry.
2025-07-19T09:56:55.638+0700 [DEBUG] [org.gradle.cache.internal.DefaultFileLockManager] Lock acquired on daemon addresses registry.
2025-07-19T09:56:55.640+0700 [DEBUG] [org.gradle.cache.internal.DefaultFileLockManager] Releasing lock on daemon addresses registry.
2025-07-19T09:56:55.641+0700 [DEBUG] [org.gradle.cache.internal.DefaultFileLockManager] Waiting to acquire shared lock on daemon addresses registry.
2025-07-19T09:56:55.641+0700 [DEBUG] [org.gradle.cache.internal.DefaultFileLockManager] Lock acquired on daemon addresses registry.
2025-07-19T09:56:55.641+0700 [DEBUG] [org.gradle.cache.internal.DefaultFileLockManager] Releasing lock on daemon addresses registry.
2025-07-19T09:56:57.013+0700 [DEBUG] [org.gradle.process.internal.health.memory.DefaultMemoryManager] 789794406 physical memory requested, 649220096 free
2025-07-19T09:56:57.013+0700 [DEBUG] [org.gradle.workers.internal.WorkerDaemonExpiration] Will attempt to release 753 of memory
2025-07-19T09:56:57.013+0700 [DEBUG] [org.gradle.process.internal.health.memory.DefaultMemoryManager] 789794406 physical memory requested, 0 released, 649220096 free
2025-07-19T09:57:02.010+0700 [DEBUG] [org.gradle.process.internal.health.memory.DefaultMemoryManager] 789794406 physical memory requested, 608276480 free
2025-07-19T09:57:02.012+0700 [DEBUG] [org.gradle.workers.internal.WorkerDaemonExpiration] Will attempt to release 753 of memory
2025-07-19T09:57:02.012+0700 [DEBUG] [org.gradle.process.internal.health.memory.DefaultMemoryManager] 789794406 physical memory requested, 0 released, 608276480 free
2025-07-19T09:57:05.630+0700 [DEBUG] [org.gradle.cache.internal.DefaultFileLockManager] Waiting to acquire shared lock on daemon addresses registry.
2025-07-19T09:57:05.630+0700 [DEBUG] [org.gradle.cache.internal.DefaultFileLockManager] Lock acquired on daemon addresses registry.
2025-07-19T09:57:05.631+0700 [DEBUG] [org.gradle.cache.internal.DefaultFileLockManager] Releasing lock on daemon addresses registry.
2025-07-19T09:57:05.632+0700 [DEBUG] [org.gradle.cache.internal.DefaultFileLockManager] Waiting to acquire shared lock on daemon addresses registry.
2025-07-19T09:57:05.635+0700 [DEBUG] [org.gradle.cache.internal.DefaultFileLockManager] Lock acquired on daemon addresses registry.
2025-07-19T09:57:05.635+0700 [DEBUG] [org.gradle.cache.internal.DefaultFileLockManager] Releasing lock on daemon addresses registry.
2025-07-19T09:57:05.636+0700 [DEBUG] [org.gradle.cache.internal.DefaultFileLockManager] Waiting to acquire shared lock on daemon addresses registry.
2025-07-19T09:57:05.636+0700 [DEBUG] [org.gradle.cache.internal.DefaultFileLockManager] Lock acquired on daemon addresses registry.
2025-07-19T09:57:05.636+0700 [DEBUG] [org.gradle.cache.internal.DefaultFileLockManager] Releasing lock on daemon addresses registry.
2025-07-19T09:57:07.001+0700 [DEBUG] [org.gradle.process.internal.health.memory.DefaultMemoryManager] 789794406 physical memory requested, 603025408 free
2025-07-19T09:57:07.002+0700 [DEBUG] [org.gradle.workers.internal.WorkerDaemonExpiration] Will attempt to release 753 of memory
2025-07-19T09:57:07.002+0700 [DEBUG] [org.gradle.process.internal.health.memory.DefaultMemoryManager] 789794406 physical memory requested, 0 released, 603025408 free
2025-07-19T09:57:15.624+0700 [DEBUG] [org.gradle.cache.internal.DefaultFileLockManager] Waiting to acquire shared lock on daemon addresses registry.
2025-07-19T09:57:15.627+0700 [DEBUG] [org.gradle.cache.internal.DefaultFileLockManager] Lock acquired on daemon addresses registry.
2025-07-19T09:57:15.627+0700 [DEBUG] [org.gradle.cache.internal.DefaultFileLockManager] Releasing lock on daemon addresses registry.
2025-07-19T09:57:15.628+0700 [DEBUG] [org.gradle.cache.internal.DefaultFileLockManager] Waiting to acquire shared lock on daemon addresses registry.
2025-07-19T09:57:15.628+0700 [DEBUG] [org.gradle.cache.internal.DefaultFileLockManager] Lock acquired on daemon addresses registry.
2025-07-19T09:57:15.628+0700 [DEBUG] [org.gradle.cache.internal.DefaultFileLockManager] Releasing lock on daemon addresses registry.
2025-07-19T09:57:15.629+0700 [DEBUG] [org.gradle.cache.internal.DefaultFileLockManager] Waiting to acquire shared lock on daemon addresses registry.
2025-07-19T09:57:15.629+0700 [DEBUG] [org.gradle.cache.internal.DefaultFileLockManager] Lock acquired on daemon addresses registry.
2025-07-19T09:57:15.629+0700 [DEBUG] [org.gradle.cache.internal.DefaultFileLockManager] Releasing lock on daemon addresses registry.
2025-07-19T09:57:25.626+0700 [DEBUG] [org.gradle.cache.internal.DefaultFileLockManager] Waiting to acquire shared lock on daemon addresses registry.
2025-07-19T09:57:25.626+0700 [DEBUG] [org.gradle.cache.internal.DefaultFileLockManager] Lock acquired on daemon addresses registry.
2025-07-19T09:57:25.626+0700 [DEBUG] [org.gradle.cache.internal.DefaultFileLockManager] Releasing lock on daemon addresses registry.
2025-07-19T09:57:25.627+0700 [DEBUG] [org.gradle.cache.internal.DefaultFileLockManager] Waiting to acquire shared lock on daemon addresses registry.
2025-07-19T09:57:25.628+0700 [DEBUG] [org.gradle.cache.internal.DefaultFileLockManager] Lock acquired on daemon addresses registry.
2025-07-19T09:57:25.633+0700 [DEBUG] [org.gradle.cache.internal.DefaultFileLockManager] Releasing lock on daemon addresses registry.
2025-07-19T09:57:25.634+0700 [DEBUG] [org.gradle.cache.internal.DefaultFileLockManager] Waiting to acquire shared lock on daemon addresses registry.
2025-07-19T09:57:25.634+0700 [DEBUG] [org.gradle.cache.internal.DefaultFileLockManager] Lock acquired on daemon addresses registry.
2025-07-19T09:57:25.634+0700 [DEBUG] [org.gradle.cache.internal.DefaultFileLockManager] Releasing lock on daemon addresses registry.
2025-07-19T09:57:32.013+0700 [DEBUG] [org.gradle.process.internal.health.memory.DefaultMemoryManager] 789794406 physical memory requested, 696426496 free
2025-07-19T09:57:32.014+0700 [DEBUG] [org.gradle.workers.internal.WorkerDaemonExpiration] Will attempt to release 753 of memory
2025-07-19T09:57:32.014+0700 [DEBUG] [org.gradle.process.internal.health.memory.DefaultMemoryManager] 789794406 physical memory requested, 0 released, 696426496 free
2025-07-19T09:57:35.632+0700 [DEBUG] [org.gradle.cache.internal.DefaultFileLockManager] Waiting to acquire shared lock on daemon addresses registry.
2025-07-19T09:57:35.633+0700 [DEBUG] [org.gradle.cache.internal.DefaultFileLockManager] Lock acquired on daemon addresses registry.
2025-07-19T09:57:35.634+0700 [DEBUG] [org.gradle.cache.internal.DefaultFileLockManager] Releasing lock on daemon addresses registry.
2025-07-19T09:57:35.636+0700 [DEBUG] [org.gradle.cache.internal.DefaultFileLockManager] Waiting to acquire shared lock on daemon addresses registry.
2025-07-19T09:57:35.637+0700 [DEBUG] [org.gradle.cache.internal.DefaultFileLockManager] Lock acquired on daemon addresses registry.
2025-07-19T09:57:35.638+0700 [DEBUG] [org.gradle.cache.internal.DefaultFileLockManager] Releasing lock on daemon addresses registry.
2025-07-19T09:57:35.639+0700 [DEBUG] [org.gradle.cache.internal.DefaultFileLockManager] Waiting to acquire shared lock on daemon addresses registry.
2025-07-19T09:57:35.639+0700 [DEBUG] [org.gradle.cache.internal.DefaultFileLockManager] Lock acquired on daemon addresses registry.
2025-07-19T09:57:35.639+0700 [DEBUG] [org.gradle.cache.internal.DefaultFileLockManager] Releasing lock on daemon addresses registry.
2025-07-19T09:57:37.013+0700 [DEBUG] [org.gradle.process.internal.health.memory.DefaultMemoryManager] 789794406 physical memory requested, 775815168 free
2025-07-19T09:57:37.013+0700 [DEBUG] [org.gradle.workers.internal.WorkerDaemonExpiration] Will attempt to release 753 of memory
2025-07-19T09:57:37.014+0700 [DEBUG] [org.gradle.process.internal.health.memory.DefaultMemoryManager] 789794406 physical memory requested, 0 released, 775815168 free
2025-07-19T09:57:42.004+0700 [DEBUG] [org.gradle.process.internal.health.memory.DefaultMemoryManager] 789794406 physical memory requested, 776880128 free
2025-07-19T09:57:42.004+0700 [DEBUG] [org.gradle.workers.internal.WorkerDaemonExpiration] Will attempt to release 753 of memory
2025-07-19T09:57:42.004+0700 [DEBUG] [org.gradle.process.internal.health.memory.DefaultMemoryManager] 789794406 physical memory requested, 0 released, 776880128 free
2025-07-19T09:57:45.635+0700 [DEBUG] [org.gradle.cache.internal.DefaultFileLockManager] Waiting to acquire shared lock on daemon addresses registry.
2025-07-19T09:57:45.636+0700 [DEBUG] [org.gradle.cache.internal.DefaultFileLockManager] Lock acquired on daemon addresses registry.
2025-07-19T09:57:45.637+0700 [DEBUG] [org.gradle.cache.internal.DefaultFileLockManager] Releasing lock on daemon addresses registry.
2025-07-19T09:57:45.638+0700 [DEBUG] [org.gradle.cache.internal.DefaultFileLockManager] Waiting to acquire shared lock on daemon addresses registry.
2025-07-19T09:57:45.639+0700 [DEBUG] [org.gradle.cache.internal.DefaultFileLockManager] Lock acquired on daemon addresses registry.
2025-07-19T09:57:45.639+0700 [DEBUG] [org.gradle.cache.internal.DefaultFileLockManager] Releasing lock on daemon addresses registry.
2025-07-19T09:57:45.641+0700 [DEBUG] [org.gradle.cache.internal.DefaultFileLockManager] Waiting to acquire shared lock on daemon addresses registry.
2025-07-19T09:57:45.641+0700 [DEBUG] [org.gradle.cache.internal.DefaultFileLockManager] Lock acquired on daemon addresses registry.
2025-07-19T09:57:45.642+0700 [DEBUG] [org.gradle.cache.internal.DefaultFileLockManager] Releasing lock on daemon addresses registry.
2025-07-19T09:57:47.010+0700 [DEBUG] [org.gradle.process.internal.health.memory.DefaultMemoryManager] 789794406 physical memory requested, 765706240 free
2025-07-19T09:57:47.011+0700 [DEBUG] [org.gradle.workers.internal.WorkerDaemonExpiration] Will attempt to release 753 of memory
2025-07-19T09:57:47.012+0700 [DEBUG] [org.gradle.process.internal.health.memory.DefaultMemoryManager] 789794406 physical memory requested, 0 released, 765706240 free
2025-07-19T09:57:52.010+0700 [DEBUG] [org.gradle.process.internal.health.memory.DefaultMemoryManager] 789794406 physical memory requested, 760774656 free
2025-07-19T09:57:52.011+0700 [DEBUG] [org.gradle.workers.internal.WorkerDaemonExpiration] Will attempt to release 753 of memory
2025-07-19T09:57:52.011+0700 [DEBUG] [org.gradle.process.internal.health.memory.DefaultMemoryManager] 789794406 physical memory requested, 0 released, 760774656 free
2025-07-19T09:57:55.636+0700 [DEBUG] [org.gradle.cache.internal.DefaultFileLockManager] Waiting to acquire shared lock on daemon addresses registry.
2025-07-19T09:57:55.636+0700 [DEBUG] [org.gradle.cache.internal.DefaultFileLockManager] Lock acquired on daemon addresses registry.
2025-07-19T09:57:55.637+0700 [DEBUG] [org.gradle.cache.internal.DefaultFileLockManager] Releasing lock on daemon addresses registry.
2025-07-19T09:57:55.638+0700 [DEBUG] [org.gradle.cache.internal.DefaultFileLockManager] Waiting to acquire shared lock on daemon addresses registry.
2025-07-19T09:57:55.638+0700 [DEBUG] [org.gradle.cache.internal.DefaultFileLockManager] Lock acquired on daemon addresses registry.
2025-07-19T09:57:55.638+0700 [DEBUG] [org.gradle.cache.internal.DefaultFileLockManager] Releasing lock on daemon addresses registry.
2025-07-19T09:57:55.639+0700 [DEBUG] [org.gradle.cache.internal.DefaultFileLockManager] Waiting to acquire shared lock on daemon addresses registry.
2025-07-19T09:57:55.639+0700 [DEBUG] [org.gradle.cache.internal.DefaultFileLockManager] Lock acquired on daemon addresses registry.
2025-07-19T09:57:55.640+0700 [DEBUG] [org.gradle.cache.internal.DefaultFileLockManager] Releasing lock on daemon addresses registry.
2025-07-19T09:57:57.013+0700 [DEBUG] [org.gradle.process.internal.health.memory.DefaultMemoryManager] 789794406 physical memory requested, 772513792 free
2025-07-19T09:57:57.013+0700 [DEBUG] [org.gradle.workers.internal.WorkerDaemonExpiration] Will attempt to release 753 of memory
2025-07-19T09:57:57.013+0700 [DEBUG] [org.gradle.process.internal.health.memory.DefaultMemoryManager] 789794406 physical memory requested, 0 released, 772513792 free
2025-07-19T09:58:02.012+0700 [DEBUG] [org.gradle.process.internal.health.memory.DefaultMemoryManager] 789794406 physical memory requested, 756682752 free
2025-07-19T09:58:02.023+0700 [DEBUG] [org.gradle.workers.internal.WorkerDaemonExpiration] Will attempt to release 753 of memory
2025-07-19T09:58:02.025+0700 [DEBUG] [org.gradle.process.internal.health.memory.DefaultMemoryManager] 789794406 physical memory requested, 0 released, 756682752 free
2025-07-19T09:58:05.636+0700 [DEBUG] [org.gradle.cache.internal.DefaultFileLockManager] Waiting to acquire shared lock on daemon addresses registry.
2025-07-19T09:58:05.637+0700 [DEBUG] [org.gradle.cache.internal.DefaultFileLockManager] Lock acquired on daemon addresses registry.
2025-07-19T09:58:05.638+0700 [DEBUG] [org.gradle.cache.internal.DefaultFileLockManager] Releasing lock on daemon addresses registry.
2025-07-19T09:58:05.638+0700 [DEBUG] [org.gradle.cache.internal.DefaultFileLockManager] Waiting to acquire shared lock on daemon addresses registry.
2025-07-19T09:58:05.639+0700 [DEBUG] [org.gradle.cache.internal.DefaultFileLockManager] Lock acquired on daemon addresses registry.
2025-07-19T09:58:05.639+0700 [DEBUG] [org.gradle.cache.internal.DefaultFileLockManager] Releasing lock on daemon addresses registry.
2025-07-19T09:58:05.642+0700 [DEBUG] [org.gradle.cache.internal.DefaultFileLockManager] Waiting to acquire shared lock on daemon addresses registry.
2025-07-19T09:58:05.643+0700 [DEBUG] [org.gradle.cache.internal.DefaultFileLockManager] Lock acquired on daemon addresses registry.
2025-07-19T09:58:05.644+0700 [DEBUG] [org.gradle.cache.internal.DefaultFileLockManager] Releasing lock on daemon addresses registry.
2025-07-19T09:58:07.002+0700 [DEBUG] [org.gradle.process.internal.health.memory.DefaultMemoryManager] 789794406 physical memory requested, 750686208 free
2025-07-19T09:58:07.003+0700 [DEBUG] [org.gradle.workers.internal.WorkerDaemonExpiration] Will attempt to release 753 of memory
2025-07-19T09:58:07.003+0700 [DEBUG] [org.gradle.process.internal.health.memory.DefaultMemoryManager] 789794406 physical memory requested, 0 released, 750686208 free
2025-07-19T09:58:12.012+0700 [DEBUG] [org.gradle.process.internal.health.memory.DefaultMemoryManager] 789794406 physical memory requested, 726560768 free
2025-07-19T09:58:12.012+0700 [DEBUG] [org.gradle.workers.internal.WorkerDaemonExpiration] Will attempt to release 753 of memory
2025-07-19T09:58:12.012+0700 [DEBUG] [org.gradle.process.internal.health.memory.DefaultMemoryManager] 789794406 physical memory requested, 0 released, 726560768 free
2025-07-19T09:58:15.627+0700 [DEBUG] [org.gradle.cache.internal.DefaultFileLockManager] Waiting to acquire shared lock on daemon addresses registry.
2025-07-19T09:58:15.627+0700 [DEBUG] [org.gradle.cache.internal.DefaultFileLockManager] Lock acquired on daemon addresses registry.
2025-07-19T09:58:15.627+0700 [DEBUG] [org.gradle.cache.internal.DefaultFileLockManager] Releasing lock on daemon addresses registry.
2025-07-19T09:58:15.628+0700 [DEBUG] [org.gradle.cache.internal.DefaultFileLockManager] Waiting to acquire shared lock on daemon addresses registry.
2025-07-19T09:58:15.628+0700 [DEBUG] [org.gradle.cache.internal.DefaultFileLockManager] Lock acquired on daemon addresses registry.
2025-07-19T09:58:15.628+0700 [DEBUG] [org.gradle.cache.internal.DefaultFileLockManager] Releasing lock on daemon addresses registry.
2025-07-19T09:58:15.629+0700 [DEBUG] [org.gradle.cache.internal.DefaultFileLockManager] Waiting to acquire shared lock on daemon addresses registry.
2025-07-19T09:58:15.629+0700 [DEBUG] [org.gradle.cache.internal.DefaultFileLockManager] Lock acquired on daemon addresses registry.
2025-07-19T09:58:15.629+0700 [DEBUG] [org.gradle.cache.internal.DefaultFileLockManager] Releasing lock on daemon addresses registry.
2025-07-19T09:58:17.001+0700 [DEBUG] [org.gradle.process.internal.health.memory.DefaultMemoryManager] 789794406 physical memory requested, 711696384 free
2025-07-19T09:58:17.001+0700 [DEBUG] [org.gradle.workers.internal.WorkerDaemonExpiration] Will attempt to release 753 of memory
2025-07-19T09:58:17.001+0700 [DEBUG] [org.gradle.process.internal.health.memory.DefaultMemoryManager] 789794406 physical memory requested, 0 released, 711696384 free
2025-07-19T09:58:22.004+0700 [DEBUG] [org.gradle.process.internal.health.memory.DefaultMemoryManager] 789794406 physical memory requested, 696619008 free
2025-07-19T09:58:22.004+0700 [DEBUG] [org.gradle.workers.internal.WorkerDaemonExpiration] Will attempt to release 753 of memory
2025-07-19T09:58:22.004+0700 [DEBUG] [org.gradle.process.internal.health.memory.DefaultMemoryManager] 789794406 physical memory requested, 0 released, 696619008 free
2025-07-19T09:58:25.631+0700 [DEBUG] [org.gradle.cache.internal.DefaultFileLockManager] Waiting to acquire shared lock on daemon addresses registry.
2025-07-19T09:58:25.642+0700 [DEBUG] [org.gradle.cache.internal.DefaultFileLockManager] Lock acquired on daemon addresses registry.
2025-07-19T09:58:25.642+0700 [DEBUG] [org.gradle.cache.internal.DefaultFileLockManager] Releasing lock on daemon addresses registry.
2025-07-19T09:58:25.643+0700 [DEBUG] [org.gradle.cache.internal.DefaultFileLockManager] Waiting to acquire shared lock on daemon addresses registry.
2025-07-19T09:58:25.644+0700 [DEBUG] [org.gradle.cache.internal.DefaultFileLockManager] Lock acquired on daemon addresses registry.
2025-07-19T09:58:25.644+0700 [DEBUG] [org.gradle.cache.internal.DefaultFileLockManager] Releasing lock on daemon addresses registry.
2025-07-19T09:58:25.645+0700 [DEBUG] [org.gradle.cache.internal.DefaultFileLockManager] Waiting to acquire shared lock on daemon addresses registry.
2025-07-19T09:58:25.645+0700 [DEBUG] [org.gradle.cache.internal.DefaultFileLockManager] Lock acquired on daemon addresses registry.
2025-07-19T09:58:25.645+0700 [DEBUG] [org.gradle.cache.internal.DefaultFileLockManager] Releasing lock on daemon addresses registry.
2025-07-19T09:58:27.005+0700 [DEBUG] [org.gradle.process.internal.health.memory.DefaultMemoryManager] 789794406 physical memory requested, 689287168 free
2025-07-19T09:58:27.005+0700 [DEBUG] [org.gradle.workers.internal.WorkerDaemonExpiration] Will attempt to release 753 of memory
2025-07-19T09:58:27.005+0700 [DEBUG] [org.gradle.process.internal.health.memory.DefaultMemoryManager] 789794406 physical memory requested, 0 released, 689287168 free
2025-07-19T09:58:32.010+0700 [DEBUG] [org.gradle.process.internal.health.memory.DefaultMemoryManager] 789794406 physical memory requested, 684163072 free
2025-07-19T09:58:32.010+0700 [DEBUG] [org.gradle.workers.internal.WorkerDaemonExpiration] Will attempt to release 753 of memory
2025-07-19T09:58:32.010+0700 [DEBUG] [org.gradle.process.internal.health.memory.DefaultMemoryManager] 789794406 physical memory requested, 0 released, 684163072 free
2025-07-19T09:58:35.627+0700 [DEBUG] [org.gradle.cache.internal.DefaultFileLockManager] Waiting to acquire shared lock on daemon addresses registry.
2025-07-19T09:58:35.627+0700 [DEBUG] [org.gradle.cache.internal.DefaultFileLockManager] Lock acquired on daemon addresses registry.
2025-07-19T09:58:35.639+0700 [DEBUG] [org.gradle.cache.internal.DefaultFileLockManager] Releasing lock on daemon addresses registry.
2025-07-19T09:58:35.640+0700 [DEBUG] [org.gradle.cache.internal.DefaultFileLockManager] Waiting to acquire shared lock on daemon addresses registry.
2025-07-19T09:58:35.640+0700 [DEBUG] [org.gradle.cache.internal.DefaultFileLockManager] Lock acquired on daemon addresses registry.
2025-07-19T09:58:35.640+0700 [DEBUG] [org.gradle.cache.internal.DefaultFileLockManager] Releasing lock on daemon addresses registry.
2025-07-19T09:58:35.641+0700 [DEBUG] [org.gradle.cache.internal.DefaultFileLockManager] Waiting to acquire shared lock on daemon addresses registry.
2025-07-19T09:58:35.641+0700 [DEBUG] [org.gradle.cache.internal.DefaultFileLockManager] Lock acquired on daemon addresses registry.
2025-07-19T09:58:35.641+0700 [DEBUG] [org.gradle.cache.internal.DefaultFileLockManager] Releasing lock on daemon addresses registry.
2025-07-19T09:58:37.011+0700 [DEBUG] [org.gradle.process.internal.health.memory.DefaultMemoryManager] 789794406 physical memory requested, 673849344 free
2025-07-19T09:58:37.011+0700 [DEBUG] [org.gradle.workers.internal.WorkerDaemonExpiration] Will attempt to release 753 of memory
2025-07-19T09:58:37.011+0700 [DEBUG] [org.gradle.process.internal.health.memory.DefaultMemoryManager] 789794406 physical memory requested, 0 released, 673849344 free
2025-07-19T09:58:42.011+0700 [DEBUG] [org.gradle.process.internal.health.memory.DefaultMemoryManager] 789794406 physical memory requested, 635015168 free
2025-07-19T09:58:42.011+0700 [DEBUG] [org.gradle.workers.internal.WorkerDaemonExpiration] Will attempt to release 753 of memory
2025-07-19T09:58:42.011+0700 [DEBUG] [org.gradle.process.internal.health.memory.DefaultMemoryManager] 789794406 physical memory requested, 0 released, 635015168 free
2025-07-19T09:58:45.635+0700 [DEBUG] [org.gradle.cache.internal.DefaultFileLockManager] Waiting to acquire shared lock on daemon addresses registry.
2025-07-19T09:58:45.635+0700 [DEBUG] [org.gradle.cache.internal.DefaultFileLockManager] Lock acquired on daemon addresses registry.
2025-07-19T09:58:45.636+0700 [DEBUG] [org.gradle.cache.internal.DefaultFileLockManager] Releasing lock on daemon addresses registry.
2025-07-19T09:58:45.637+0700 [DEBUG] [org.gradle.cache.internal.DefaultFileLockManager] Waiting to acquire shared lock on daemon addresses registry.
2025-07-19T09:58:45.638+0700 [DEBUG] [org.gradle.cache.internal.DefaultFileLockManager] Lock acquired on daemon addresses registry.
2025-07-19T09:58:45.638+0700 [DEBUG] [org.gradle.cache.internal.DefaultFileLockManager] Releasing lock on daemon addresses registry.
2025-07-19T09:58:45.639+0700 [DEBUG] [org.gradle.cache.internal.DefaultFileLockManager] Waiting to acquire shared lock on daemon addresses registry.
2025-07-19T09:58:45.639+0700 [DEBUG] [org.gradle.cache.internal.DefaultFileLockManager] Lock acquired on daemon addresses registry.
2025-07-19T09:58:45.639+0700 [DEBUG] [org.gradle.cache.internal.DefaultFileLockManager] Releasing lock on daemon addresses registry.
2025-07-19T09:58:46.745+0700 [DEBUG] [org.gradle.internal.watch.vfs.impl.WatchingVirtualFileSystem] Handling VFS change CREATED C:\Android Project\iShop\app\src\main\java\com\example\ishop\Database\DBHelper.java~
2025-07-19T09:58:46.816+0700 [DEBUG] [org.gradle.internal.watch.vfs.impl.WatchingVirtualFileSystem] Handling VFS change MODIFIED C:\Android Project\iShop\app\src\main\java\com\example\ishop\Database\DBHelper.java
2025-07-19T09:58:55.639+0700 [DEBUG] [org.gradle.cache.internal.DefaultFileLockManager] Waiting to acquire shared lock on daemon addresses registry.
2025-07-19T09:58:55.639+0700 [DEBUG] [org.gradle.cache.internal.DefaultFileLockManager] Lock acquired on daemon addresses registry.
2025-07-19T09:58:55.640+0700 [DEBUG] [org.gradle.cache.internal.DefaultFileLockManager] Releasing lock on daemon addresses registry.
2025-07-19T09:58:55.640+0700 [DEBUG] [org.gradle.cache.internal.DefaultFileLockManager] Waiting to acquire shared lock on daemon addresses registry.
2025-07-19T09:58:55.641+0700 [DEBUG] [org.gradle.cache.internal.DefaultFileLockManager] Lock acquired on daemon addresses registry.
2025-07-19T09:58:55.641+0700 [DEBUG] [org.gradle.cache.internal.DefaultFileLockManager] Releasing lock on daemon addresses registry.
2025-07-19T09:58:55.642+0700 [DEBUG] [org.gradle.cache.internal.DefaultFileLockManager] Waiting to acquire shared lock on daemon addresses registry.
2025-07-19T09:58:55.642+0700 [DEBUG] [org.gradle.cache.internal.DefaultFileLockManager] Lock acquired on daemon addresses registry.
2025-07-19T09:58:55.642+0700 [DEBUG] [org.gradle.cache.internal.DefaultFileLockManager] Releasing lock on daemon addresses registry.
2025-07-19T09:59:05.633+0700 [DEBUG] [org.gradle.cache.internal.DefaultFileLockManager] Waiting to acquire shared lock on daemon addresses registry.
2025-07-19T09:59:05.633+0700 [DEBUG] [org.gradle.cache.internal.DefaultFileLockManager] Lock acquired on daemon addresses registry.
2025-07-19T09:59:05.633+0700 [DEBUG] [org.gradle.cache.internal.DefaultFileLockManager] Releasing lock on daemon addresses registry.
2025-07-19T09:59:05.634+0700 [DEBUG] [org.gradle.cache.internal.DefaultFileLockManager] Waiting to acquire shared lock on daemon addresses registry.
2025-07-19T09:59:05.634+0700 [DEBUG] [org.gradle.cache.internal.DefaultFileLockManager] Lock acquired on daemon addresses registry.
2025-07-19T09:59:05.634+0700 [DEBUG] [org.gradle.cache.internal.DefaultFileLockManager] Releasing lock on daemon addresses registry.
2025-07-19T09:59:05.647+0700 [DEBUG] [org.gradle.cache.internal.DefaultFileLockManager] Waiting to acquire shared lock on daemon addresses registry.
2025-07-19T09:59:05.647+0700 [DEBUG] [org.gradle.cache.internal.DefaultFileLockManager] Lock acquired on daemon addresses registry.
2025-07-19T09:59:05.647+0700 [DEBUG] [org.gradle.cache.internal.DefaultFileLockManager] Releasing lock on daemon addresses registry.
2025-07-19T09:59:15.623+0700 [DEBUG] [org.gradle.cache.internal.DefaultFileLockManager] Waiting to acquire shared lock on daemon addresses registry.
2025-07-19T09:59:15.623+0700 [DEBUG] [org.gradle.cache.internal.DefaultFileLockManager] Lock acquired on daemon addresses registry.
2025-07-19T09:59:15.624+0700 [DEBUG] [org.gradle.cache.internal.DefaultFileLockManager] Releasing lock on daemon addresses registry.
2025-07-19T09:59:15.625+0700 [DEBUG] [org.gradle.cache.internal.DefaultFileLockManager] Waiting to acquire shared lock on daemon addresses registry.
2025-07-19T09:59:15.625+0700 [DEBUG] [org.gradle.cache.internal.DefaultFileLockManager] Lock acquired on daemon addresses registry.
2025-07-19T09:59:15.625+0700 [DEBUG] [org.gradle.cache.internal.DefaultFileLockManager] Releasing lock on daemon addresses registry.
2025-07-19T09:59:15.627+0700 [DEBUG] [org.gradle.cache.internal.DefaultFileLockManager] Waiting to acquire shared lock on daemon addresses registry.
2025-07-19T09:59:15.628+0700 [DEBUG] [org.gradle.cache.internal.DefaultFileLockManager] Lock acquired on daemon addresses registry.
2025-07-19T09:59:15.629+0700 [DEBUG] [org.gradle.cache.internal.DefaultFileLockManager] Releasing lock on daemon addresses registry.
2025-07-19T09:59:17.014+0700 [DEBUG] [org.gradle.process.internal.health.memory.DefaultMemoryManager] 789794406 physical memory requested, 769396736 free
2025-07-19T09:59:17.014+0700 [DEBUG] [org.gradle.workers.internal.WorkerDaemonExpiration] Will attempt to release 753 of memory
2025-07-19T09:59:17.014+0700 [DEBUG] [org.gradle.process.internal.health.memory.DefaultMemoryManager] 789794406 physical memory requested, 0 released, 769396736 free
2025-07-19T09:59:22.001+0700 [DEBUG] [org.gradle.process.internal.health.memory.DefaultMemoryManager] 789794406 physical memory requested, 775610368 free
2025-07-19T09:59:22.001+0700 [DEBUG] [org.gradle.workers.internal.WorkerDaemonExpiration] Will attempt to release 753 of memory
2025-07-19T09:59:22.001+0700 [DEBUG] [org.gradle.process.internal.health.memory.DefaultMemoryManager] 789794406 physical memory requested, 0 released, 775610368 free
2025-07-19T09:59:25.629+0700 [DEBUG] [org.gradle.cache.internal.DefaultFileLockManager] Waiting to acquire shared lock on daemon addresses registry.
2025-07-19T09:59:25.630+0700 [DEBUG] [org.gradle.cache.internal.DefaultFileLockManager] Lock acquired on daemon addresses registry.
2025-07-19T09:59:25.630+0700 [DEBUG] [org.gradle.cache.internal.DefaultFileLockManager] Releasing lock on daemon addresses registry.
2025-07-19T09:59:25.631+0700 [DEBUG] [org.gradle.cache.internal.DefaultFileLockManager] Waiting to acquire shared lock on daemon addresses registry.
2025-07-19T09:59:25.631+0700 [DEBUG] [org.gradle.cache.internal.DefaultFileLockManager] Lock acquired on daemon addresses registry.
2025-07-19T09:59:25.632+0700 [DEBUG] [org.gradle.cache.internal.DefaultFileLockManager] Releasing lock on daemon addresses registry.
2025-07-19T09:59:25.632+0700 [DEBUG] [org.gradle.cache.internal.DefaultFileLockManager] Waiting to acquire shared lock on daemon addresses registry.
2025-07-19T09:59:25.632+0700 [DEBUG] [org.gradle.cache.internal.DefaultFileLockManager] Lock acquired on daemon addresses registry.
2025-07-19T09:59:25.632+0700 [DEBUG] [org.gradle.cache.internal.DefaultFileLockManager] Releasing lock on daemon addresses registry.
2025-07-19T09:59:27.000+0700 [DEBUG] [org.gradle.process.internal.health.memory.DefaultMemoryManager] 789794406 physical memory requested, 759066624 free
2025-07-19T09:59:27.000+0700 [DEBUG] [org.gradle.workers.internal.WorkerDaemonExpiration] Will attempt to release 753 of memory
2025-07-19T09:59:27.000+0700 [DEBUG] [org.gradle.process.internal.health.memory.DefaultMemoryManager] 789794406 physical memory requested, 0 released, 759066624 free
2025-07-19T09:59:32.012+0700 [DEBUG] [org.gradle.process.internal.health.memory.DefaultMemoryManager] 789794406 physical memory requested, 756584448 free
2025-07-19T09:59:32.012+0700 [DEBUG] [org.gradle.workers.internal.WorkerDaemonExpiration] Will attempt to release 753 of memory
2025-07-19T09:59:32.012+0700 [DEBUG] [org.gradle.process.internal.health.memory.DefaultMemoryManager] 789794406 physical memory requested, 0 released, 756584448 free
2025-07-19T09:59:35.644+0700 [DEBUG] [org.gradle.cache.internal.DefaultFileLockManager] Waiting to acquire shared lock on daemon addresses registry.
2025-07-19T09:59:35.644+0700 [DEBUG] [org.gradle.cache.internal.DefaultFileLockManager] Lock acquired on daemon addresses registry.
2025-07-19T09:59:35.645+0700 [DEBUG] [org.gradle.cache.internal.DefaultFileLockManager] Releasing lock on daemon addresses registry.
2025-07-19T09:59:35.646+0700 [DEBUG] [org.gradle.cache.internal.DefaultFileLockManager] Waiting to acquire shared lock on daemon addresses registry.
2025-07-19T09:59:35.647+0700 [DEBUG] [org.gradle.cache.internal.DefaultFileLockManager] Lock acquired on daemon addresses registry.
2025-07-19T09:59:35.647+0700 [DEBUG] [org.gradle.cache.internal.DefaultFileLockManager] Releasing lock on daemon addresses registry.
2025-07-19T09:59:35.649+0700 [DEBUG] [org.gradle.cache.internal.DefaultFileLockManager] Waiting to acquire shared lock on daemon addresses registry.
2025-07-19T09:59:35.649+0700 [DEBUG] [org.gradle.cache.internal.DefaultFileLockManager] Lock acquired on daemon addresses registry.
2025-07-19T09:59:35.650+0700 [DEBUG] [org.gradle.cache.internal.DefaultFileLockManager] Releasing lock on daemon addresses registry.
2025-07-19T09:59:37.008+0700 [DEBUG] [org.gradle.process.internal.health.memory.DefaultMemoryManager] 789794406 physical memory requested, 767062016 free
2025-07-19T09:59:37.008+0700 [DEBUG] [org.gradle.workers.internal.WorkerDaemonExpiration] Will attempt to release 753 of memory
2025-07-19T09:59:37.008+0700 [DEBUG] [org.gradle.process.internal.health.memory.DefaultMemoryManager] 789794406 physical memory requested, 0 released, 767062016 free
2025-07-19T09:59:42.011+0700 [DEBUG] [org.gradle.process.internal.health.memory.DefaultMemoryManager] 789794406 physical memory requested, 767590400 free
2025-07-19T09:59:42.011+0700 [DEBUG] [org.gradle.workers.internal.WorkerDaemonExpiration] Will attempt to release 753 of memory
2025-07-19T09:59:42.011+0700 [DEBUG] [org.gradle.process.internal.health.memory.DefaultMemoryManager] 789794406 physical memory requested, 0 released, 767590400 free
2025-07-19T09:59:45.630+0700 [DEBUG] [org.gradle.cache.internal.DefaultFileLockManager] Waiting to acquire shared lock on daemon addresses registry.
2025-07-19T09:59:45.631+0700 [DEBUG] [org.gradle.cache.internal.DefaultFileLockManager] Lock acquired on daemon addresses registry.
2025-07-19T09:59:45.631+0700 [DEBUG] [org.gradle.cache.internal.DefaultFileLockManager] Releasing lock on daemon addresses registry.
2025-07-19T09:59:45.632+0700 [DEBUG] [org.gradle.cache.internal.DefaultFileLockManager] Waiting to acquire shared lock on daemon addresses registry.
2025-07-19T09:59:45.633+0700 [DEBUG] [org.gradle.cache.internal.DefaultFileLockManager] Lock acquired on daemon addresses registry.
2025-07-19T09:59:45.633+0700 [DEBUG] [org.gradle.cache.internal.DefaultFileLockManager] Releasing lock on daemon addresses registry.
2025-07-19T09:59:45.634+0700 [DEBUG] [org.gradle.cache.internal.DefaultFileLockManager] Waiting to acquire shared lock on daemon addresses registry.
2025-07-19T09:59:45.636+0700 [DEBUG] [org.gradle.cache.internal.DefaultFileLockManager] Lock acquired on daemon addresses registry.
2025-07-19T09:59:45.636+0700 [DEBUG] [org.gradle.cache.internal.DefaultFileLockManager] Releasing lock on daemon addresses registry.
2025-07-19T09:59:47.000+0700 [DEBUG] [org.gradle.process.internal.health.memory.DefaultMemoryManager] 789794406 physical memory requested, 760475648 free
2025-07-19T09:59:47.000+0700 [DEBUG] [org.gradle.workers.internal.WorkerDaemonExpiration] Will attempt to release 753 of memory
2025-07-19T09:59:47.000+0700 [DEBUG] [org.gradle.process.internal.health.memory.DefaultMemoryManager] 789794406 physical memory requested, 0 released, 760475648 free
2025-07-19T09:59:52.030+0700 [DEBUG] [org.gradle.process.internal.health.memory.DefaultMemoryManager] 789794406 physical memory requested, 759418880 free
2025-07-19T09:59:52.030+0700 [DEBUG] [org.gradle.workers.internal.WorkerDaemonExpiration] Will attempt to release 753 of memory
2025-07-19T09:59:52.030+0700 [DEBUG] [org.gradle.process.internal.health.memory.DefaultMemoryManager] 789794406 physical memory requested, 0 released, 759418880 free
2025-07-19T09:59:55.632+0700 [DEBUG] [org.gradle.cache.internal.DefaultFileLockManager] Waiting to acquire shared lock on daemon addresses registry.
2025-07-19T09:59:55.632+0700 [DEBUG] [org.gradle.cache.internal.DefaultFileLockManager] Lock acquired on daemon addresses registry.
2025-07-19T09:59:55.633+0700 [DEBUG] [org.gradle.cache.internal.DefaultFileLockManager] Releasing lock on daemon addresses registry.
2025-07-19T09:59:55.634+0700 [DEBUG] [org.gradle.cache.internal.DefaultFileLockManager] Waiting to acquire shared lock on daemon addresses registry.
2025-07-19T09:59:55.634+0700 [DEBUG] [org.gradle.cache.internal.DefaultFileLockManager] Lock acquired on daemon addresses registry.
2025-07-19T09:59:55.634+0700 [DEBUG] [org.gradle.cache.internal.DefaultFileLockManager] Releasing lock on daemon addresses registry.
2025-07-19T09:59:55.635+0700 [DEBUG] [org.gradle.cache.internal.DefaultFileLockManager] Waiting to acquire shared lock on daemon addresses registry.
2025-07-19T09:59:55.635+0700 [DEBUG] [org.gradle.cache.internal.DefaultFileLockManager] Lock acquired on daemon addresses registry.
2025-07-19T09:59:55.635+0700 [DEBUG] [org.gradle.cache.internal.DefaultFileLockManager] Releasing lock on daemon addresses registry.
2025-07-19T09:59:57.005+0700 [DEBUG] [org.gradle.process.internal.health.memory.DefaultMemoryManager] 789794406 physical memory requested, 728633344 free
2025-07-19T09:59:57.005+0700 [DEBUG] [org.gradle.workers.internal.WorkerDaemonExpiration] Will attempt to release 753 of memory
2025-07-19T09:59:57.006+0700 [DEBUG] [org.gradle.process.internal.health.memory.DefaultMemoryManager] 789794406 physical memory requested, 0 released, 728633344 free
2025-07-19T10:00:02.009+0700 [DEBUG] [org.gradle.process.internal.health.memory.DefaultMemoryManager] 789794406 physical memory requested, 763801600 free
2025-07-19T10:00:02.009+0700 [DEBUG] [org.gradle.workers.internal.WorkerDaemonExpiration] Will attempt to release 753 of memory
2025-07-19T10:00:02.009+0700 [DEBUG] [org.gradle.process.internal.health.memory.DefaultMemoryManager] 789794406 physical memory requested, 0 released, 763801600 free
2025-07-19T10:00:05.635+0700 [DEBUG] [org.gradle.cache.internal.DefaultFileLockManager] Waiting to acquire shared lock on daemon addresses registry.
2025-07-19T10:00:05.636+0700 [DEBUG] [org.gradle.cache.internal.DefaultFileLockManager] Lock acquired on daemon addresses registry.
2025-07-19T10:00:05.636+0700 [DEBUG] [org.gradle.cache.internal.DefaultFileLockManager] Releasing lock on daemon addresses registry.
2025-07-19T10:00:05.637+0700 [DEBUG] [org.gradle.cache.internal.DefaultFileLockManager] Waiting to acquire shared lock on daemon addresses registry.
2025-07-19T10:00:05.637+0700 [DEBUG] [org.gradle.cache.internal.DefaultFileLockManager] Lock acquired on daemon addresses registry.
2025-07-19T10:00:05.637+0700 [DEBUG] [org.gradle.cache.internal.DefaultFileLockManager] Releasing lock on daemon addresses registry.
2025-07-19T10:00:05.637+0700 [DEBUG] [org.gradle.cache.internal.DefaultFileLockManager] Waiting to acquire shared lock on daemon addresses registry.
2025-07-19T10:00:05.637+0700 [DEBUG] [org.gradle.cache.internal.DefaultFileLockManager] Lock acquired on daemon addresses registry.
2025-07-19T10:00:05.638+0700 [DEBUG] [org.gradle.cache.internal.DefaultFileLockManager] Releasing lock on daemon addresses registry.
2025-07-19T10:00:07.011+0700 [DEBUG] [org.gradle.process.internal.health.memory.DefaultMemoryManager] 789794406 physical memory requested, 726355968 free
2025-07-19T10:00:07.011+0700 [DEBUG] [org.gradle.workers.internal.WorkerDaemonExpiration] Will attempt to release 753 of memory
2025-07-19T10:00:07.011+0700 [DEBUG] [org.gradle.process.internal.health.memory.DefaultMemoryManager] 789794406 physical memory requested, 0 released, 726355968 free
2025-07-19T10:00:12.005+0700 [DEBUG] [org.gradle.process.internal.health.memory.DefaultMemoryManager] 789794406 physical memory requested, 730226688 free
2025-07-19T10:00:12.005+0700 [DEBUG] [org.gradle.workers.internal.WorkerDaemonExpiration] Will attempt to release 753 of memory
2025-07-19T10:00:12.005+0700 [DEBUG] [org.gradle.process.internal.health.memory.DefaultMemoryManager] 789794406 physical memory requested, 0 released, 730226688 free
2025-07-19T10:00:15.633+0700 [DEBUG] [org.gradle.cache.internal.DefaultFileLockManager] Waiting to acquire shared lock on daemon addresses registry.
2025-07-19T10:00:15.634+0700 [DEBUG] [org.gradle.cache.internal.DefaultFileLockManager] Lock acquired on daemon addresses registry.
2025-07-19T10:00:15.634+0700 [DEBUG] [org.gradle.cache.internal.DefaultFileLockManager] Releasing lock on daemon addresses registry.
2025-07-19T10:00:15.635+0700 [DEBUG] [org.gradle.cache.internal.DefaultFileLockManager] Waiting to acquire shared lock on daemon addresses registry.
2025-07-19T10:00:15.635+0700 [DEBUG] [org.gradle.cache.internal.DefaultFileLockManager] Lock acquired on daemon addresses registry.
2025-07-19T10:00:15.635+0700 [DEBUG] [org.gradle.cache.internal.DefaultFileLockManager] Releasing lock on daemon addresses registry.
2025-07-19T10:00:15.636+0700 [DEBUG] [org.gradle.cache.internal.DefaultFileLockManager] Waiting to acquire shared lock on daemon addresses registry.
2025-07-19T10:00:15.636+0700 [DEBUG] [org.gradle.cache.internal.DefaultFileLockManager] Lock acquired on daemon addresses registry.
2025-07-19T10:00:15.636+0700 [DEBUG] [org.gradle.cache.internal.DefaultFileLockManager] Releasing lock on daemon addresses registry.
2025-07-19T10:00:17.005+0700 [DEBUG] [org.gradle.process.internal.health.memory.DefaultMemoryManager] 789794406 physical memory requested, 742715392 free
2025-07-19T10:00:17.005+0700 [DEBUG] [org.gradle.workers.internal.WorkerDaemonExpiration] Will attempt to release 753 of memory
2025-07-19T10:00:17.005+0700 [DEBUG] [org.gradle.process.internal.health.memory.DefaultMemoryManager] 789794406 physical memory requested, 0 released, 742715392 free
2025-07-19T10:00:22.054+0700 [DEBUG] [org.gradle.process.internal.health.memory.DefaultMemoryManager] 789794406 physical memory requested, 693186560 free
2025-07-19T10:00:22.054+0700 [DEBUG] [org.gradle.workers.internal.WorkerDaemonExpiration] Will attempt to release 753 of memory
2025-07-19T10:00:22.054+0700 [DEBUG] [org.gradle.process.internal.health.memory.DefaultMemoryManager] 789794406 physical memory requested, 0 released, 693186560 free
2025-07-19T10:00:25.632+0700 [DEBUG] [org.gradle.cache.internal.DefaultFileLockManager] Waiting to acquire shared lock on daemon addresses registry.
2025-07-19T10:00:25.632+0700 [DEBUG] [org.gradle.cache.internal.DefaultFileLockManager] Lock acquired on daemon addresses registry.
2025-07-19T10:00:25.633+0700 [DEBUG] [org.gradle.cache.internal.DefaultFileLockManager] Releasing lock on daemon addresses registry.
2025-07-19T10:00:25.633+0700 [DEBUG] [org.gradle.cache.internal.DefaultFileLockManager] Waiting to acquire shared lock on daemon addresses registry.
2025-07-19T10:00:25.634+0700 [DEBUG] [org.gradle.cache.internal.DefaultFileLockManager] Lock acquired on daemon addresses registry.
2025-07-19T10:00:25.634+0700 [DEBUG] [org.gradle.cache.internal.DefaultFileLockManager] Releasing lock on daemon addresses registry.
2025-07-19T10:00:25.634+0700 [DEBUG] [org.gradle.cache.internal.DefaultFileLockManager] Waiting to acquire shared lock on daemon addresses registry.
2025-07-19T10:00:25.635+0700 [DEBUG] [org.gradle.cache.internal.DefaultFileLockManager] Lock acquired on daemon addresses registry.
2025-07-19T10:00:25.635+0700 [DEBUG] [org.gradle.cache.internal.DefaultFileLockManager] Releasing lock on daemon addresses registry.
2025-07-19T10:00:27.008+0700 [DEBUG] [org.gradle.process.internal.health.memory.DefaultMemoryManager] 789794406 physical memory requested, 674607104 free
2025-07-19T10:00:27.008+0700 [DEBUG] [org.gradle.workers.internal.WorkerDaemonExpiration] Will attempt to release 753 of memory
2025-07-19T10:00:27.008+0700 [DEBUG] [org.gradle.process.internal.health.memory.DefaultMemoryManager] 789794406 physical memory requested, 0 released, 674607104 free
2025-07-19T10:00:32.009+0700 [DEBUG] [org.gradle.process.internal.health.memory.DefaultMemoryManager] 789794406 physical memory requested, 694788096 free
2025-07-19T10:00:32.009+0700 [DEBUG] [org.gradle.workers.internal.WorkerDaemonExpiration] Will attempt to release 753 of memory
2025-07-19T10:00:32.009+0700 [DEBUG] [org.gradle.process.internal.health.memory.DefaultMemoryManager] 789794406 physical memory requested, 0 released, 694788096 free
2025-07-19T10:00:35.634+0700 [DEBUG] [org.gradle.cache.internal.DefaultFileLockManager] Waiting to acquire shared lock on daemon addresses registry.
2025-07-19T10:00:35.635+0700 [DEBUG] [org.gradle.cache.internal.DefaultFileLockManager] Lock acquired on daemon addresses registry.
2025-07-19T10:00:35.635+0700 [DEBUG] [org.gradle.cache.internal.DefaultFileLockManager] Releasing lock on daemon addresses registry.
2025-07-19T10:00:35.636+0700 [DEBUG] [org.gradle.cache.internal.DefaultFileLockManager] Waiting to acquire shared lock on daemon addresses registry.
2025-07-19T10:00:35.636+0700 [DEBUG] [org.gradle.cache.internal.DefaultFileLockManager] Lock acquired on daemon addresses registry.
2025-07-19T10:00:35.636+0700 [DEBUG] [org.gradle.cache.internal.DefaultFileLockManager] Releasing lock on daemon addresses registry.
2025-07-19T10:00:35.637+0700 [DEBUG] [org.gradle.cache.internal.DefaultFileLockManager] Waiting to acquire shared lock on daemon addresses registry.
2025-07-19T10:00:35.637+0700 [DEBUG] [org.gradle.cache.internal.DefaultFileLockManager] Lock acquired on daemon addresses registry.
2025-07-19T10:00:35.637+0700 [DEBUG] [org.gradle.cache.internal.DefaultFileLockManager] Releasing lock on daemon addresses registry.
2025-07-19T10:00:45.635+0700 [DEBUG] [org.gradle.cache.internal.DefaultFileLockManager] Waiting to acquire shared lock on daemon addresses registry.
2025-07-19T10:00:45.635+0700 [DEBUG] [org.gradle.cache.internal.DefaultFileLockManager] Lock acquired on daemon addresses registry.
2025-07-19T10:00:45.636+0700 [DEBUG] [org.gradle.cache.internal.DefaultFileLockManager] Releasing lock on daemon addresses registry.
2025-07-19T10:00:45.637+0700 [DEBUG] [org.gradle.cache.internal.DefaultFileLockManager] Waiting to acquire shared lock on daemon addresses registry.
2025-07-19T10:00:45.637+0700 [DEBUG] [org.gradle.cache.internal.DefaultFileLockManager] Lock acquired on daemon addresses registry.
2025-07-19T10:00:45.637+0700 [DEBUG] [org.gradle.cache.internal.DefaultFileLockManager] Releasing lock on daemon addresses registry.
2025-07-19T10:00:45.638+0700 [DEBUG] [org.gradle.cache.internal.DefaultFileLockManager] Waiting to acquire shared lock on daemon addresses registry.
2025-07-19T10:00:45.638+0700 [DEBUG] [org.gradle.cache.internal.DefaultFileLockManager] Lock acquired on daemon addresses registry.
2025-07-19T10:00:45.638+0700 [DEBUG] [org.gradle.cache.internal.DefaultFileLockManager] Releasing lock on daemon addresses registry.
2025-07-19T10:00:50.518+0700 [DEBUG] [org.gradle.internal.remote.internal.inet.TcpIncomingConnector] Accepted connection from /127.0.0.1:57188 to /127.0.0.1:57060.
2025-07-19T10:00:50.575+0700 [DEBUG] [org.gradle.launcher.daemon.server.SynchronizedDispatchConnection] thread 253: received class org.gradle.launcher.daemon.protocol.Build
2025-07-19T10:00:50.576+0700 [DEBUG] [org.gradle.launcher.daemon.server.DefaultDaemonConnection] thread 253: Received non-IO message from client: Build{id=1a758a05-b4aa-4c6d-828b-cdc7b97e5c2a, currentDir=C:\Android Project\iShop}
2025-07-19T10:00:50.576+0700 [INFO] [org.gradle.launcher.daemon.server.DefaultIncomingConnectionHandler] Received command: Build{id=1a758a05-b4aa-4c6d-828b-cdc7b97e5c2a, currentDir=C:\Android Project\iShop}.
2025-07-19T10:00:50.576+0700 [DEBUG] [org.gradle.launcher.daemon.server.DefaultIncomingConnectionHandler] Starting executing command: Build{id=1a758a05-b4aa-4c6d-828b-cdc7b97e5c2a, currentDir=C:\Android Project\iShop} with connection: socket connection from /127.0.0.1:57060 to /127.0.0.1:57188.
2025-07-19T10:00:50.582+0700 [DEBUG] [org.gradle.launcher.daemon.server.DaemonStateCoordinator] Command execution: started DaemonCommandExecution[command = Build{id=1a758a05-b4aa-4c6d-828b-cdc7b97e5c2a, currentDir=C:\Android Project\iShop}, connection = DefaultDaemonConnection: socket connection from /127.0.0.1:57060 to /127.0.0.1:57188] after 5.0998833333333335 minutes of idle
2025-07-19T10:00:50.583+0700 [INFO] [org.gradle.launcher.daemon.server.DaemonRegistryUpdater] Marking the daemon as busy, address: [94aafea4-a752-403c-b001-efdcb329b0c2 port:57060, addresses:[localhost/127.0.0.1]]
2025-07-19T10:00:50.583+0700 [DEBUG] [org.gradle.launcher.daemon.registry.PersistentDaemonRegistry] Marking busy by address: [94aafea4-a752-403c-b001-efdcb329b0c2 port:57060, addresses:[localhost/127.0.0.1]]
2025-07-19T10:00:50.584+0700 [DEBUG] [org.gradle.cache.internal.DefaultFileLockManager] Waiting to acquire exclusive lock on daemon addresses registry.
2025-07-19T10:00:50.586+0700 [DEBUG] [org.gradle.cache.internal.DefaultFileLockManager] Lock acquired on daemon addresses registry.
2025-07-19T10:00:50.587+0700 [DEBUG] [org.gradle.cache.internal.DefaultFileLockManager] Releasing lock on daemon addresses registry.
2025-07-19T10:00:50.588+0700 [DEBUG] [org.gradle.launcher.daemon.server.DaemonStateCoordinator] resetting idle timer
2025-07-19T10:00:50.588+0700 [DEBUG] [org.gradle.launcher.daemon.server.DaemonStateCoordinator] daemon is running. Sleeping until state changes.
2025-07-19T10:00:50.590+0700 [INFO] [org.gradle.launcher.daemon.server.exec.StartBuildOrRespondWithBusy] Daemon is about to start building Build{id=1a758a05-b4aa-4c6d-828b-cdc7b97e5c2a, currentDir=C:\Android Project\iShop}. Dispatching build started information...
2025-07-19T10:00:50.590+0700 [DEBUG] [org.gradle.launcher.daemon.server.SynchronizedDispatchConnection] thread 255: dispatching org.gradle.launcher.daemon.protocol.BuildStarted@6cbc9a8e
2025-07-19T10:00:50.595+0700 [DEBUG] [org.gradle.launcher.daemon.server.exec.EstablishBuildEnvironment] Configuring env variables: [USERDOMAIN_ROAMINGPROFILE, LOCALAPPDATA, PROCESSOR_LEVEL, USERDOMAIN, LOGONSERVER, FPS_BROWSER_APP_PROFILE_STRING, SESSIONNAME, ALLUSERSPROFILE, PROCESSOR_ARCHITECTURE, __COMPAT_LAYER, PSModulePath, SystemDrive, EFC_10376_1592913036, OneDrive, APPDATA, USERNAME, ProgramFiles(x86), CommonProgramFiles, Path, FPS_BROWSER_USER_PROFILE_STRING, PATHEXT, DriverData, OS, OneDriveConsumer, COMPUTERNAME, PROCESSOR_REVISION, CommonProgramW6432, ComSpec, ProgramData, ProgramW6432, TEMP, HOMEPATH, SystemRoot, PROCESSOR_IDENTIFIER, HOMEDRIVE, USERPROFILE, TMP, CommonProgramFiles(x86), ProgramFiles, PUBLIC, windir, NUMBER_OF_PROCESSORS, =::]
2025-07-19T10:00:50.624+0700 [DEBUG] [org.gradle.launcher.daemon.server.exec.LogToClient] About to start relaying all logs to the client via the connection.
2025-07-19T10:00:50.627+0700 [INFO] [org.gradle.launcher.daemon.server.exec.LogToClient] The client will now receive all logging from the daemon (pid: 1912). The daemon log file: C:\Android Project\iShop\daemon\8.13\daemon-1912.out.log
2025-07-19T10:00:50.715+0700 [INFO] [org.gradle.launcher.daemon.server.exec.LogAndCheckHealth] Starting 2nd build in daemon [uptime: 5 mins 55.322 secs, performance: 97%, GC rate: 0.00/s, heap usage: 0% of 2 GiB]
2025-07-19T10:00:50.720+0700 [DEBUG] [org.gradle.launcher.daemon.server.exec.ExecuteBuild] The daemon has started executing the build.
2025-07-19T10:00:50.720+0700 [DEBUG] [org.gradle.launcher.daemon.server.exec.ExecuteBuild] Executing build with daemon context: DefaultDaemonContext[uid=7f8dc95a-a81c-43d1-a518-973fdc78349a,javaHome=C:\Program Files\Android\Android Studio\jbr,javaVersion=21,javaVendor=JetBrains s.r.o.,daemonRegistryDir=C:\Android Project\iShop\daemon,pid=1912,idleTimeout=10800000,priority=NORMAL,applyInstrumentationAgent=true,nativeServicesMode=ENABLED,daemonOpts=-Xmx2048m,-Dfile.encoding=UTF-8,-Duser.country=US,-Duser.language=en,-Duser.variant]
Java compiler version 21 has deprecated support for compiling with source/target version 8.
Try one of the following options:
    1. [Recommended] Use Java toolchain with a lower language version
    2. Set a higher source/target version
    3. Use a lower version of the JDK running the build (if you're not using Java toolchain)
For more details on how to configure these settings, see https://developer.android.com/build/jdks.
To suppress this warning, set android.javaCompile.suppressSourceTargetDeprecationWarning=true in gradle.properties.
warning: [options] source value 8 is obsolete and will be removed in a future release
warning: [options] target value 8 is obsolete and will be removed in a future release
warning: [options] To suppress warnings about obsolete options, use -Xlint:-options.
3 warnings

[Incubating] Problems report is available at: file:///C:/Android%20Project/iShop/build/reports/problems/problems-report.html

BUILD SUCCESSFUL in 5s
31 actionable tasks: 4 executed, 27 up-to-date
2025-07-19T10:00:55.675+0700 [DEBUG] [org.gradle.launcher.daemon.server.exec.ExecuteBuild] The daemon has finished executing the build.
2025-07-19T10:00:55.693+0700 [DEBUG] [org.gradle.launcher.daemon.server.DaemonStateCoordinator] daemon is running. Sleeping until state changes.
2025-07-19T10:00:55.693+0700 [DEBUG] [org.gradle.launcher.daemon.server.DaemonStateCoordinator] Command execution: finished waiting for DaemonCommandExecution[command = Build{id=1a758a05-b4aa-4c6d-828b-cdc7b97e5c2a, currentDir=C:\Android Project\iShop}, connection = DefaultDaemonConnection: socket connection from /127.0.0.1:57060 to /127.0.0.1:57188]. Result org.gradle.launcher.daemon.server.DaemonStateCoordinator@441ac5f3 with state Busy
2025-07-19T10:00:55.693+0700 [DEBUG] [org.gradle.launcher.daemon.server.DaemonStateCoordinator] Command execution: completed DaemonCommandExecution[command = Build{id=1a758a05-b4aa-4c6d-828b-cdc7b97e5c2a, currentDir=C:\Android Project\iShop}, connection = DefaultDaemonConnection: socket connection from /127.0.0.1:57060 to /127.0.0.1:57188]
2025-07-19T10:00:55.693+0700 [DEBUG] [org.gradle.launcher.daemon.server.DaemonStateCoordinator] resetting idle timer
2025-07-19T10:00:55.693+0700 [INFO] [org.gradle.launcher.daemon.server.DaemonRegistryUpdater] Marking the daemon as idle, address: [94aafea4-a752-403c-b001-efdcb329b0c2 port:57060, addresses:[localhost/127.0.0.1]]
2025-07-19T10:00:55.693+0700 [DEBUG] [org.gradle.launcher.daemon.registry.PersistentDaemonRegistry] Marking busy by address: [94aafea4-a752-403c-b001-efdcb329b0c2 port:57060, addresses:[localhost/127.0.0.1]]
2025-07-19T10:00:55.694+0700 [DEBUG] [org.gradle.cache.internal.DefaultFileLockManager] Waiting to acquire exclusive lock on daemon addresses registry.
2025-07-19T10:00:55.695+0700 [DEBUG] [org.gradle.cache.internal.DefaultFileLockManager] Lock acquired on daemon addresses registry.
2025-07-19T10:00:55.696+0700 [DEBUG] [org.gradle.cache.internal.DefaultFileLockManager] Releasing lock on daemon addresses registry.
2025-07-19T10:00:55.696+0700 [DEBUG] [org.gradle.launcher.daemon.server.DaemonStateCoordinator] daemon is running. Sleeping until state changes.
2025-07-19T10:00:55.696+0700 [DEBUG] [org.gradle.launcher.daemon.server.exec.ReturnResult] Daemon is dispatching the build result: Success[value=org.gradle.launcher.exec.BuildActionResult@2bf723a9]
2025-07-19T10:00:55.696+0700 [DEBUG] [org.gradle.launcher.daemon.server.SynchronizedDispatchConnection] thread 252: dispatching Success[value=org.gradle.launcher.exec.BuildActionResult@2bf723a9]
2025-07-19T10:00:55.698+0700 [DEBUG] [org.gradle.launcher.daemon.server.DefaultIncomingConnectionHandler] Finishing executing command: Build{id=1a758a05-b4aa-4c6d-828b-cdc7b97e5c2a, currentDir=C:\Android Project\iShop}
2025-07-19T10:00:55.699+0700 [DEBUG] [org.gradle.launcher.daemon.server.SynchronizedDispatchConnection] thread 253: received class org.gradle.launcher.daemon.protocol.CloseInput
2025-07-19T10:00:55.699+0700 [DEBUG] [org.gradle.launcher.daemon.server.exec.CleanUpVirtualFileSystemAfterBuild] Cleaning virtual file system after build finished
2025-07-19T10:00:55.700+0700 [DEBUG] [org.gradle.launcher.daemon.server.DefaultDaemonConnection] thread 253: Received IO message from client: org.gradle.launcher.daemon.protocol.CloseInput@4c945019
2025-07-19T10:00:55.700+0700 [DEBUG] [org.gradle.launcher.daemon.server.SynchronizedDispatchConnection] thread 253: received class org.gradle.launcher.daemon.protocol.Finished
2025-07-19T10:00:55.700+0700 [DEBUG] [org.gradle.launcher.daemon.server.DefaultDaemonConnection] thread 253: Received non-IO message from client: org.gradle.launcher.daemon.protocol.Finished@4253a7fb
2025-07-19T10:00:55.700+0700 [DEBUG] [org.gradle.launcher.daemon.server.DefaultIncomingConnectionHandler] Received finished message: org.gradle.launcher.daemon.protocol.Finished@4253a7fb
2025-07-19T10:00:55.700+0700 [DEBUG] [org.gradle.launcher.daemon.server.SynchronizedDispatchConnection] thread 252: stopping connection
2025-07-19T10:00:55.700+0700 [DEBUG] [org.gradle.internal.remote.internal.inet.SocketConnection] Discarding EOFException: java.io.EOFException
2025-07-19T10:00:55.701+0700 [DEBUG] [org.gradle.launcher.daemon.server.SynchronizedDispatchConnection] thread 253: received null
2025-07-19T10:00:55.701+0700 [DEBUG] [org.gradle.launcher.daemon.server.DefaultDaemonConnection] thread 253: Received end-of-input from client.
2025-07-19T10:00:55.701+0700 [DEBUG] [org.gradle.launcher.daemon.server.SynchronizedDispatchConnection] thread 252: stopping connection
2025-07-19T10:00:57.000+0700 [DEBUG] [org.gradle.process.internal.health.memory.DefaultMemoryManager] 789794406 physical memory requested, 551227392 free
2025-07-19T10:00:57.000+0700 [DEBUG] [org.gradle.workers.internal.WorkerDaemonExpiration] Will attempt to release 753 of memory
2025-07-19T10:00:57.001+0700 [DEBUG] [org.gradle.process.internal.health.memory.DefaultMemoryManager] 789794406 physical memory requested, 0 released, 551227392 free
2025-07-19T10:01:05.632+0700 [DEBUG] [org.gradle.cache.internal.DefaultFileLockManager] Waiting to acquire shared lock on daemon addresses registry.
2025-07-19T10:01:05.633+0700 [DEBUG] [org.gradle.cache.internal.DefaultFileLockManager] Lock acquired on daemon addresses registry.
2025-07-19T10:01:05.633+0700 [DEBUG] [org.gradle.cache.internal.DefaultFileLockManager] Releasing lock on daemon addresses registry.
2025-07-19T10:01:05.634+0700 [DEBUG] [org.gradle.cache.internal.DefaultFileLockManager] Waiting to acquire shared lock on daemon addresses registry.
2025-07-19T10:01:05.634+0700 [DEBUG] [org.gradle.cache.internal.DefaultFileLockManager] Lock acquired on daemon addresses registry.
2025-07-19T10:01:05.634+0700 [DEBUG] [org.gradle.cache.internal.DefaultFileLockManager] Releasing lock on daemon addresses registry.
2025-07-19T10:01:15.633+0700 [DEBUG] [org.gradle.cache.internal.DefaultFileLockManager] Waiting to acquire shared lock on daemon addresses registry.
2025-07-19T10:01:15.634+0700 [DEBUG] [org.gradle.cache.internal.DefaultFileLockManager] Lock acquired on daemon addresses registry.
2025-07-19T10:01:15.635+0700 [DEBUG] [org.gradle.cache.internal.DefaultFileLockManager] Releasing lock on daemon addresses registry.
2025-07-19T10:01:15.637+0700 [DEBUG] [org.gradle.cache.internal.DefaultFileLockManager] Waiting to acquire shared lock on daemon addresses registry.
2025-07-19T10:01:15.637+0700 [DEBUG] [org.gradle.cache.internal.DefaultFileLockManager] Lock acquired on daemon addresses registry.
2025-07-19T10:01:15.637+0700 [DEBUG] [org.gradle.cache.internal.DefaultFileLockManager] Releasing lock on daemon addresses registry.
2025-07-19T10:01:15.638+0700 [DEBUG] [org.gradle.cache.internal.DefaultFileLockManager] Waiting to acquire shared lock on daemon addresses registry.
2025-07-19T10:01:15.638+0700 [DEBUG] [org.gradle.cache.internal.DefaultFileLockManager] Lock acquired on daemon addresses registry.
2025-07-19T10:01:15.639+0700 [DEBUG] [org.gradle.cache.internal.DefaultFileLockManager] Releasing lock on daemon addresses registry.
2025-07-19T10:01:17.011+0700 [DEBUG] [org.gradle.process.internal.health.memory.DefaultMemoryManager] 789794406 physical memory requested, 721780736 free
2025-07-19T10:01:17.011+0700 [DEBUG] [org.gradle.workers.internal.WorkerDaemonExpiration] Will attempt to release 753 of memory
2025-07-19T10:01:17.011+0700 [DEBUG] [org.gradle.process.internal.health.memory.DefaultMemoryManager] 789794406 physical memory requested, 0 released, 721780736 free
2025-07-19T10:01:25.643+0700 [DEBUG] [org.gradle.cache.internal.DefaultFileLockManager] Waiting to acquire shared lock on daemon addresses registry.
2025-07-19T10:01:25.643+0700 [DEBUG] [org.gradle.cache.internal.DefaultFileLockManager] Lock acquired on daemon addresses registry.
2025-07-19T10:01:25.644+0700 [DEBUG] [org.gradle.cache.internal.DefaultFileLockManager] Releasing lock on daemon addresses registry.
2025-07-19T10:01:25.644+0700 [DEBUG] [org.gradle.cache.internal.DefaultFileLockManager] Waiting to acquire shared lock on daemon addresses registry.
2025-07-19T10:01:25.645+0700 [DEBUG] [org.gradle.cache.internal.DefaultFileLockManager] Lock acquired on daemon addresses registry.
2025-07-19T10:01:25.645+0700 [DEBUG] [org.gradle.cache.internal.DefaultFileLockManager] Releasing lock on daemon addresses registry.
2025-07-19T10:01:25.646+0700 [DEBUG] [org.gradle.cache.internal.DefaultFileLockManager] Waiting to acquire shared lock on daemon addresses registry.
2025-07-19T10:01:25.646+0700 [DEBUG] [org.gradle.cache.internal.DefaultFileLockManager] Lock acquired on daemon addresses registry.
2025-07-19T10:01:25.647+0700 [DEBUG] [org.gradle.cache.internal.DefaultFileLockManager] Releasing lock on daemon addresses registry.
2025-07-19T10:01:27.004+0700 [DEBUG] [org.gradle.process.internal.health.memory.DefaultMemoryManager] 789794406 physical memory requested, 735559680 free
2025-07-19T10:01:27.004+0700 [DEBUG] [org.gradle.workers.internal.WorkerDaemonExpiration] Will attempt to release 753 of memory
2025-07-19T10:01:27.004+0700 [DEBUG] [org.gradle.process.internal.health.memory.DefaultMemoryManager] 789794406 physical memory requested, 0 released, 735559680 free
2025-07-19T10:01:32.008+0700 [DEBUG] [org.gradle.process.internal.health.memory.DefaultMemoryManager] 789794406 physical memory requested, 648790016 free
2025-07-19T10:01:32.008+0700 [DEBUG] [org.gradle.workers.internal.WorkerDaemonExpiration] Will attempt to release 753 of memory
2025-07-19T10:01:32.008+0700 [DEBUG] [org.gradle.process.internal.health.memory.DefaultMemoryManager] 789794406 physical memory requested, 0 released, 648790016 free
2025-07-19T10:01:35.625+0700 [DEBUG] [org.gradle.cache.internal.DefaultFileLockManager] Waiting to acquire shared lock on daemon addresses registry.
2025-07-19T10:01:35.625+0700 [DEBUG] [org.gradle.cache.internal.DefaultFileLockManager] Lock acquired on daemon addresses registry.
2025-07-19T10:01:35.625+0700 [DEBUG] [org.gradle.cache.internal.DefaultFileLockManager] Releasing lock on daemon addresses registry.
2025-07-19T10:01:35.627+0700 [DEBUG] [org.gradle.cache.internal.DefaultFileLockManager] Waiting to acquire shared lock on daemon addresses registry.
2025-07-19T10:01:35.627+0700 [DEBUG] [org.gradle.cache.internal.DefaultFileLockManager] Lock acquired on daemon addresses registry.
2025-07-19T10:01:35.627+0700 [DEBUG] [org.gradle.cache.internal.DefaultFileLockManager] Releasing lock on daemon addresses registry.
2025-07-19T10:01:35.628+0700 [DEBUG] [org.gradle.cache.internal.DefaultFileLockManager] Waiting to acquire shared lock on daemon addresses registry.
2025-07-19T10:01:35.628+0700 [DEBUG] [org.gradle.cache.internal.DefaultFileLockManager] Lock acquired on daemon addresses registry.
2025-07-19T10:01:35.628+0700 [DEBUG] [org.gradle.cache.internal.DefaultFileLockManager] Releasing lock on daemon addresses registry.
2025-07-19T10:01:37.004+0700 [DEBUG] [org.gradle.process.internal.health.memory.DefaultMemoryManager] 789794406 physical memory requested, 661909504 free
2025-07-19T10:01:37.004+0700 [DEBUG] [org.gradle.workers.internal.WorkerDaemonExpiration] Will attempt to release 753 of memory
2025-07-19T10:01:37.004+0700 [DEBUG] [org.gradle.process.internal.health.memory.DefaultMemoryManager] 789794406 physical memory requested, 0 released, 661909504 free
2025-07-19T10:01:41.999+0700 [DEBUG] [org.gradle.process.internal.health.memory.DefaultMemoryManager] 789794406 physical memory requested, 683241472 free
2025-07-19T10:01:41.999+0700 [DEBUG] [org.gradle.workers.internal.WorkerDaemonExpiration] Will attempt to release 753 of memory
2025-07-19T10:01:42.011+0700 [DEBUG] [org.gradle.process.internal.health.memory.DefaultMemoryManager] 789794406 physical memory requested, 0 released, 683241472 free
2025-07-19T10:01:45.630+0700 [DEBUG] [org.gradle.cache.internal.DefaultFileLockManager] Waiting to acquire shared lock on daemon addresses registry.
2025-07-19T10:01:45.630+0700 [DEBUG] [org.gradle.cache.internal.DefaultFileLockManager] Lock acquired on daemon addresses registry.
2025-07-19T10:01:45.630+0700 [DEBUG] [org.gradle.cache.internal.DefaultFileLockManager] Releasing lock on daemon addresses registry.
2025-07-19T10:01:45.631+0700 [DEBUG] [org.gradle.cache.internal.DefaultFileLockManager] Waiting to acquire shared lock on daemon addresses registry.
2025-07-19T10:01:45.632+0700 [DEBUG] [org.gradle.cache.internal.DefaultFileLockManager] Lock acquired on daemon addresses registry.
2025-07-19T10:01:45.632+0700 [DEBUG] [org.gradle.cache.internal.DefaultFileLockManager] Releasing lock on daemon addresses registry.
2025-07-19T10:01:45.633+0700 [DEBUG] [org.gradle.cache.internal.DefaultFileLockManager] Waiting to acquire shared lock on daemon addresses registry.
2025-07-19T10:01:45.633+0700 [DEBUG] [org.gradle.cache.internal.DefaultFileLockManager] Lock acquired on daemon addresses registry.
2025-07-19T10:01:45.633+0700 [DEBUG] [org.gradle.cache.internal.DefaultFileLockManager] Releasing lock on daemon addresses registry.
2025-07-19T10:01:46.998+0700 [DEBUG] [org.gradle.process.internal.health.memory.DefaultMemoryManager] 789794406 physical memory requested, 583368704 free
2025-07-19T10:01:46.998+0700 [DEBUG] [org.gradle.workers.internal.WorkerDaemonExpiration] Will attempt to release 753 of memory
2025-07-19T10:01:46.998+0700 [DEBUG] [org.gradle.process.internal.health.memory.DefaultMemoryManager] 789794406 physical memory requested, 0 released, 583368704 free
2025-07-19T10:01:55.628+0700 [DEBUG] [org.gradle.cache.internal.DefaultFileLockManager] Waiting to acquire shared lock on daemon addresses registry.
2025-07-19T10:01:55.628+0700 [DEBUG] [org.gradle.cache.internal.DefaultFileLockManager] Lock acquired on daemon addresses registry.
2025-07-19T10:01:55.629+0700 [DEBUG] [org.gradle.cache.internal.DefaultFileLockManager] Releasing lock on daemon addresses registry.
2025-07-19T10:01:55.630+0700 [DEBUG] [org.gradle.cache.internal.DefaultFileLockManager] Waiting to acquire shared lock on daemon addresses registry.
2025-07-19T10:01:55.630+0700 [DEBUG] [org.gradle.cache.internal.DefaultFileLockManager] Lock acquired on daemon addresses registry.
2025-07-19T10:01:55.631+0700 [DEBUG] [org.gradle.cache.internal.DefaultFileLockManager] Releasing lock on daemon addresses registry.
2025-07-19T10:01:55.631+0700 [DEBUG] [org.gradle.cache.internal.DefaultFileLockManager] Waiting to acquire shared lock on daemon addresses registry.
2025-07-19T10:01:55.631+0700 [DEBUG] [org.gradle.cache.internal.DefaultFileLockManager] Lock acquired on daemon addresses registry.
2025-07-19T10:01:55.632+0700 [DEBUG] [org.gradle.cache.internal.DefaultFileLockManager] Releasing lock on daemon addresses registry.
2025-07-19T10:02:05.619+0700 [DEBUG] [org.gradle.cache.internal.DefaultFileLockManager] Waiting to acquire shared lock on daemon addresses registry.
2025-07-19T10:02:05.619+0700 [DEBUG] [org.gradle.cache.internal.DefaultFileLockManager] Lock acquired on daemon addresses registry.
2025-07-19T10:02:05.619+0700 [DEBUG] [org.gradle.cache.internal.DefaultFileLockManager] Releasing lock on daemon addresses registry.
2025-07-19T10:02:05.620+0700 [DEBUG] [org.gradle.cache.internal.DefaultFileLockManager] Waiting to acquire shared lock on daemon addresses registry.
2025-07-19T10:02:05.620+0700 [DEBUG] [org.gradle.cache.internal.DefaultFileLockManager] Lock acquired on daemon addresses registry.
2025-07-19T10:02:05.620+0700 [DEBUG] [org.gradle.cache.internal.DefaultFileLockManager] Releasing lock on daemon addresses registry.
2025-07-19T10:02:05.621+0700 [DEBUG] [org.gradle.cache.internal.DefaultFileLockManager] Waiting to acquire shared lock on daemon addresses registry.
2025-07-19T10:02:05.621+0700 [DEBUG] [org.gradle.cache.internal.DefaultFileLockManager] Lock acquired on daemon addresses registry.
2025-07-19T10:02:05.621+0700 [DEBUG] [org.gradle.cache.internal.DefaultFileLockManager] Releasing lock on daemon addresses registry.
2025-07-19T10:02:15.630+0700 [DEBUG] [org.gradle.cache.internal.DefaultFileLockManager] Waiting to acquire shared lock on daemon addresses registry.
2025-07-19T10:02:15.630+0700 [DEBUG] [org.gradle.cache.internal.DefaultFileLockManager] Lock acquired on daemon addresses registry.
2025-07-19T10:02:15.631+0700 [DEBUG] [org.gradle.cache.internal.DefaultFileLockManager] Releasing lock on daemon addresses registry.
2025-07-19T10:02:15.632+0700 [DEBUG] [org.gradle.cache.internal.DefaultFileLockManager] Waiting to acquire shared lock on daemon addresses registry.
2025-07-19T10:02:15.632+0700 [DEBUG] [org.gradle.cache.internal.DefaultFileLockManager] Lock acquired on daemon addresses registry.
2025-07-19T10:02:15.633+0700 [DEBUG] [org.gradle.cache.internal.DefaultFileLockManager] Releasing lock on daemon addresses registry.
2025-07-19T10:02:15.634+0700 [DEBUG] [org.gradle.cache.internal.DefaultFileLockManager] Waiting to acquire shared lock on daemon addresses registry.
2025-07-19T10:02:15.634+0700 [DEBUG] [org.gradle.cache.internal.DefaultFileLockManager] Lock acquired on daemon addresses registry.
2025-07-19T10:02:15.634+0700 [DEBUG] [org.gradle.cache.internal.DefaultFileLockManager] Releasing lock on daemon addresses registry.
2025-07-19T10:02:25.634+0700 [DEBUG] [org.gradle.cache.internal.DefaultFileLockManager] Waiting to acquire shared lock on daemon addresses registry.
2025-07-19T10:02:25.634+0700 [DEBUG] [org.gradle.cache.internal.DefaultFileLockManager] Lock acquired on daemon addresses registry.
2025-07-19T10:02:25.635+0700 [DEBUG] [org.gradle.cache.internal.DefaultFileLockManager] Releasing lock on daemon addresses registry.
2025-07-19T10:02:25.636+0700 [DEBUG] [org.gradle.cache.internal.DefaultFileLockManager] Waiting to acquire shared lock on daemon addresses registry.
2025-07-19T10:02:25.636+0700 [DEBUG] [org.gradle.cache.internal.DefaultFileLockManager] Lock acquired on daemon addresses registry.
2025-07-19T10:02:25.636+0700 [DEBUG] [org.gradle.cache.internal.DefaultFileLockManager] Releasing lock on daemon addresses registry.
2025-07-19T10:02:25.636+0700 [DEBUG] [org.gradle.cache.internal.DefaultFileLockManager] Waiting to acquire shared lock on daemon addresses registry.
2025-07-19T10:02:25.636+0700 [DEBUG] [org.gradle.cache.internal.DefaultFileLockManager] Lock acquired on daemon addresses registry.
2025-07-19T10:02:25.637+0700 [DEBUG] [org.gradle.cache.internal.DefaultFileLockManager] Releasing lock on daemon addresses registry.
2025-07-19T10:02:35.633+0700 [DEBUG] [org.gradle.cache.internal.DefaultFileLockManager] Waiting to acquire shared lock on daemon addresses registry.
2025-07-19T10:02:35.633+0700 [DEBUG] [org.gradle.cache.internal.DefaultFileLockManager] Lock acquired on daemon addresses registry.
2025-07-19T10:02:35.633+0700 [DEBUG] [org.gradle.cache.internal.DefaultFileLockManager] Releasing lock on daemon addresses registry.
2025-07-19T10:02:35.634+0700 [DEBUG] [org.gradle.cache.internal.DefaultFileLockManager] Waiting to acquire shared lock on daemon addresses registry.
2025-07-19T10:02:35.634+0700 [DEBUG] [org.gradle.cache.internal.DefaultFileLockManager] Lock acquired on daemon addresses registry.
2025-07-19T10:02:35.635+0700 [DEBUG] [org.gradle.cache.internal.DefaultFileLockManager] Releasing lock on daemon addresses registry.
2025-07-19T10:02:35.635+0700 [DEBUG] [org.gradle.cache.internal.DefaultFileLockManager] Waiting to acquire shared lock on daemon addresses registry.
2025-07-19T10:02:35.635+0700 [DEBUG] [org.gradle.cache.internal.DefaultFileLockManager] Lock acquired on daemon addresses registry.
2025-07-19T10:02:35.635+0700 [DEBUG] [org.gradle.cache.internal.DefaultFileLockManager] Releasing lock on daemon addresses registry.
2025-07-19T10:02:45.634+0700 [DEBUG] [org.gradle.cache.internal.DefaultFileLockManager] Waiting to acquire shared lock on daemon addresses registry.
2025-07-19T10:02:45.635+0700 [DEBUG] [org.gradle.cache.internal.DefaultFileLockManager] Lock acquired on daemon addresses registry.
2025-07-19T10:02:45.635+0700 [DEBUG] [org.gradle.cache.internal.DefaultFileLockManager] Releasing lock on daemon addresses registry.
2025-07-19T10:02:45.636+0700 [DEBUG] [org.gradle.cache.internal.DefaultFileLockManager] Waiting to acquire shared lock on daemon addresses registry.
2025-07-19T10:02:45.636+0700 [DEBUG] [org.gradle.cache.internal.DefaultFileLockManager] Lock acquired on daemon addresses registry.
2025-07-19T10:02:45.637+0700 [DEBUG] [org.gradle.cache.internal.DefaultFileLockManager] Releasing lock on daemon addresses registry.
2025-07-19T10:02:45.637+0700 [DEBUG] [org.gradle.cache.internal.DefaultFileLockManager] Waiting to acquire shared lock on daemon addresses registry.
2025-07-19T10:02:45.637+0700 [DEBUG] [org.gradle.cache.internal.DefaultFileLockManager] Lock acquired on daemon addresses registry.
2025-07-19T10:02:45.637+0700 [DEBUG] [org.gradle.cache.internal.DefaultFileLockManager] Releasing lock on daemon addresses registry.
2025-07-19T10:02:55.633+0700 [DEBUG] [org.gradle.cache.internal.DefaultFileLockManager] Waiting to acquire shared lock on daemon addresses registry.
2025-07-19T10:02:55.633+0700 [DEBUG] [org.gradle.cache.internal.DefaultFileLockManager] Lock acquired on daemon addresses registry.
2025-07-19T10:02:55.633+0700 [DEBUG] [org.gradle.cache.internal.DefaultFileLockManager] Releasing lock on daemon addresses registry.
2025-07-19T10:02:55.635+0700 [DEBUG] [org.gradle.cache.internal.DefaultFileLockManager] Waiting to acquire shared lock on daemon addresses registry.
2025-07-19T10:02:55.635+0700 [DEBUG] [org.gradle.cache.internal.DefaultFileLockManager] Lock acquired on daemon addresses registry.
2025-07-19T10:02:55.636+0700 [DEBUG] [org.gradle.cache.internal.DefaultFileLockManager] Releasing lock on daemon addresses registry.
2025-07-19T10:02:55.637+0700 [DEBUG] [org.gradle.cache.internal.DefaultFileLockManager] Waiting to acquire shared lock on daemon addresses registry.
2025-07-19T10:02:55.637+0700 [DEBUG] [org.gradle.cache.internal.DefaultFileLockManager] Lock acquired on daemon addresses registry.
2025-07-19T10:02:55.638+0700 [DEBUG] [org.gradle.cache.internal.DefaultFileLockManager] Releasing lock on daemon addresses registry.
2025-07-19T10:03:05.625+0700 [DEBUG] [org.gradle.cache.internal.DefaultFileLockManager] Waiting to acquire shared lock on daemon addresses registry.
2025-07-19T10:03:05.636+0700 [DEBUG] [org.gradle.cache.internal.DefaultFileLockManager] Lock acquired on daemon addresses registry.
2025-07-19T10:03:05.636+0700 [DEBUG] [org.gradle.cache.internal.DefaultFileLockManager] Releasing lock on daemon addresses registry.
2025-07-19T10:03:05.637+0700 [DEBUG] [org.gradle.cache.internal.DefaultFileLockManager] Waiting to acquire shared lock on daemon addresses registry.
2025-07-19T10:03:05.637+0700 [DEBUG] [org.gradle.cache.internal.DefaultFileLockManager] Lock acquired on daemon addresses registry.
2025-07-19T10:03:05.637+0700 [DEBUG] [org.gradle.cache.internal.DefaultFileLockManager] Releasing lock on daemon addresses registry.
2025-07-19T10:03:05.638+0700 [DEBUG] [org.gradle.cache.internal.DefaultFileLockManager] Waiting to acquire shared lock on daemon addresses registry.
2025-07-19T10:03:05.638+0700 [DEBUG] [org.gradle.cache.internal.DefaultFileLockManager] Lock acquired on daemon addresses registry.
2025-07-19T10:03:05.638+0700 [DEBUG] [org.gradle.cache.internal.DefaultFileLockManager] Releasing lock on daemon addresses registry.
2025-07-19T10:03:15.627+0700 [DEBUG] [org.gradle.cache.internal.DefaultFileLockManager] Waiting to acquire shared lock on daemon addresses registry.
2025-07-19T10:03:15.627+0700 [DEBUG] [org.gradle.cache.internal.DefaultFileLockManager] Lock acquired on daemon addresses registry.
2025-07-19T10:03:15.639+0700 [DEBUG] [org.gradle.cache.internal.DefaultFileLockManager] Releasing lock on daemon addresses registry.
2025-07-19T10:03:15.640+0700 [DEBUG] [org.gradle.cache.internal.DefaultFileLockManager] Waiting to acquire shared lock on daemon addresses registry.
2025-07-19T10:03:15.640+0700 [DEBUG] [org.gradle.cache.internal.DefaultFileLockManager] Lock acquired on daemon addresses registry.
2025-07-19T10:03:15.641+0700 [DEBUG] [org.gradle.cache.internal.DefaultFileLockManager] Releasing lock on daemon addresses registry.
2025-07-19T10:03:15.641+0700 [DEBUG] [org.gradle.cache.internal.DefaultFileLockManager] Waiting to acquire shared lock on daemon addresses registry.
2025-07-19T10:03:15.641+0700 [DEBUG] [org.gradle.cache.internal.DefaultFileLockManager] Lock acquired on daemon addresses registry.
2025-07-19T10:03:15.642+0700 [DEBUG] [org.gradle.cache.internal.DefaultFileLockManager] Releasing lock on daemon addresses registry.
2025-07-19T10:03:25.628+0700 [DEBUG] [org.gradle.cache.internal.DefaultFileLockManager] Waiting to acquire shared lock on daemon addresses registry.
2025-07-19T10:03:25.629+0700 [DEBUG] [org.gradle.cache.internal.DefaultFileLockManager] Lock acquired on daemon addresses registry.
2025-07-19T10:03:25.629+0700 [DEBUG] [org.gradle.cache.internal.DefaultFileLockManager] Releasing lock on daemon addresses registry.
2025-07-19T10:03:25.631+0700 [DEBUG] [org.gradle.cache.internal.DefaultFileLockManager] Waiting to acquire shared lock on daemon addresses registry.
2025-07-19T10:03:25.631+0700 [DEBUG] [org.gradle.cache.internal.DefaultFileLockManager] Lock acquired on daemon addresses registry.
2025-07-19T10:03:25.631+0700 [DEBUG] [org.gradle.cache.internal.DefaultFileLockManager] Releasing lock on daemon addresses registry.
2025-07-19T10:03:25.632+0700 [DEBUG] [org.gradle.cache.internal.DefaultFileLockManager] Waiting to acquire shared lock on daemon addresses registry.
2025-07-19T10:03:25.632+0700 [DEBUG] [org.gradle.cache.internal.DefaultFileLockManager] Lock acquired on daemon addresses registry.
2025-07-19T10:03:25.633+0700 [DEBUG] [org.gradle.cache.internal.DefaultFileLockManager] Releasing lock on daemon addresses registry.
2025-07-19T10:03:35.625+0700 [DEBUG] [org.gradle.cache.internal.DefaultFileLockManager] Waiting to acquire shared lock on daemon addresses registry.
2025-07-19T10:03:35.625+0700 [DEBUG] [org.gradle.cache.internal.DefaultFileLockManager] Lock acquired on daemon addresses registry.
2025-07-19T10:03:35.626+0700 [DEBUG] [org.gradle.cache.internal.DefaultFileLockManager] Releasing lock on daemon addresses registry.
2025-07-19T10:03:35.626+0700 [DEBUG] [org.gradle.cache.internal.DefaultFileLockManager] Waiting to acquire shared lock on daemon addresses registry.
2025-07-19T10:03:35.626+0700 [DEBUG] [org.gradle.cache.internal.DefaultFileLockManager] Lock acquired on daemon addresses registry.
2025-07-19T10:03:35.627+0700 [DEBUG] [org.gradle.cache.internal.DefaultFileLockManager] Releasing lock on daemon addresses registry.
2025-07-19T10:03:35.638+0700 [DEBUG] [org.gradle.cache.internal.DefaultFileLockManager] Waiting to acquire shared lock on daemon addresses registry.
2025-07-19T10:03:35.638+0700 [DEBUG] [org.gradle.cache.internal.DefaultFileLockManager] Lock acquired on daemon addresses registry.
2025-07-19T10:03:35.639+0700 [DEBUG] [org.gradle.cache.internal.DefaultFileLockManager] Releasing lock on daemon addresses registry.
2025-07-19T10:03:45.620+0700 [DEBUG] [org.gradle.cache.internal.DefaultFileLockManager] Waiting to acquire shared lock on daemon addresses registry.
2025-07-19T10:03:45.620+0700 [DEBUG] [org.gradle.cache.internal.DefaultFileLockManager] Lock acquired on daemon addresses registry.
2025-07-19T10:03:45.621+0700 [DEBUG] [org.gradle.cache.internal.DefaultFileLockManager] Releasing lock on daemon addresses registry.
2025-07-19T10:03:45.621+0700 [DEBUG] [org.gradle.cache.internal.DefaultFileLockManager] Waiting to acquire shared lock on daemon addresses registry.
2025-07-19T10:03:45.622+0700 [DEBUG] [org.gradle.cache.internal.DefaultFileLockManager] Lock acquired on daemon addresses registry.
2025-07-19T10:03:45.622+0700 [DEBUG] [org.gradle.cache.internal.DefaultFileLockManager] Releasing lock on daemon addresses registry.
2025-07-19T10:03:45.623+0700 [DEBUG] [org.gradle.cache.internal.DefaultFileLockManager] Waiting to acquire shared lock on daemon addresses registry.
2025-07-19T10:03:45.623+0700 [DEBUG] [org.gradle.cache.internal.DefaultFileLockManager] Lock acquired on daemon addresses registry.
2025-07-19T10:03:45.623+0700 [DEBUG] [org.gradle.cache.internal.DefaultFileLockManager] Releasing lock on daemon addresses registry.
2025-07-19T10:03:55.619+0700 [DEBUG] [org.gradle.cache.internal.DefaultFileLockManager] Waiting to acquire shared lock on daemon addresses registry.
2025-07-19T10:03:55.620+0700 [DEBUG] [org.gradle.cache.internal.DefaultFileLockManager] Lock acquired on daemon addresses registry.
2025-07-19T10:03:55.620+0700 [DEBUG] [org.gradle.cache.internal.DefaultFileLockManager] Releasing lock on daemon addresses registry.
2025-07-19T10:03:55.621+0700 [DEBUG] [org.gradle.cache.internal.DefaultFileLockManager] Waiting to acquire shared lock on daemon addresses registry.
2025-07-19T10:03:55.621+0700 [DEBUG] [org.gradle.cache.internal.DefaultFileLockManager] Lock acquired on daemon addresses registry.
2025-07-19T10:03:55.622+0700 [DEBUG] [org.gradle.cache.internal.DefaultFileLockManager] Releasing lock on daemon addresses registry.
2025-07-19T10:03:55.622+0700 [DEBUG] [org.gradle.cache.internal.DefaultFileLockManager] Waiting to acquire shared lock on daemon addresses registry.
2025-07-19T10:03:55.622+0700 [DEBUG] [org.gradle.cache.internal.DefaultFileLockManager] Lock acquired on daemon addresses registry.
2025-07-19T10:03:55.622+0700 [DEBUG] [org.gradle.cache.internal.DefaultFileLockManager] Releasing lock on daemon addresses registry.
2025-07-19T10:04:05.631+0700 [DEBUG] [org.gradle.cache.internal.DefaultFileLockManager] Waiting to acquire shared lock on daemon addresses registry.
2025-07-19T10:04:05.632+0700 [DEBUG] [org.gradle.cache.internal.DefaultFileLockManager] Lock acquired on daemon addresses registry.
2025-07-19T10:04:05.632+0700 [DEBUG] [org.gradle.cache.internal.DefaultFileLockManager] Releasing lock on daemon addresses registry.
2025-07-19T10:04:05.633+0700 [DEBUG] [org.gradle.cache.internal.DefaultFileLockManager] Waiting to acquire shared lock on daemon addresses registry.
2025-07-19T10:04:05.633+0700 [DEBUG] [org.gradle.cache.internal.DefaultFileLockManager] Lock acquired on daemon addresses registry.
2025-07-19T10:04:05.634+0700 [DEBUG] [org.gradle.cache.internal.DefaultFileLockManager] Releasing lock on daemon addresses registry.
2025-07-19T10:04:05.635+0700 [DEBUG] [org.gradle.cache.internal.DefaultFileLockManager] Waiting to acquire shared lock on daemon addresses registry.
2025-07-19T10:04:05.635+0700 [DEBUG] [org.gradle.cache.internal.DefaultFileLockManager] Lock acquired on daemon addresses registry.
2025-07-19T10:04:05.636+0700 [DEBUG] [org.gradle.cache.internal.DefaultFileLockManager] Releasing lock on daemon addresses registry.
2025-07-19T10:04:15.625+0700 [DEBUG] [org.gradle.cache.internal.DefaultFileLockManager] Waiting to acquire shared lock on daemon addresses registry.
2025-07-19T10:04:15.625+0700 [DEBUG] [org.gradle.cache.internal.DefaultFileLockManager] Lock acquired on daemon addresses registry.
2025-07-19T10:04:15.627+0700 [DEBUG] [org.gradle.cache.internal.DefaultFileLockManager] Releasing lock on daemon addresses registry.
2025-07-19T10:04:15.631+0700 [DEBUG] [org.gradle.cache.internal.DefaultFileLockManager] Waiting to acquire shared lock on daemon addresses registry.
2025-07-19T10:04:15.631+0700 [DEBUG] [org.gradle.cache.internal.DefaultFileLockManager] Lock acquired on daemon addresses registry.
2025-07-19T10:04:15.632+0700 [DEBUG] [org.gradle.cache.internal.DefaultFileLockManager] Releasing lock on daemon addresses registry.
2025-07-19T10:04:15.633+0700 [DEBUG] [org.gradle.cache.internal.DefaultFileLockManager] Waiting to acquire shared lock on daemon addresses registry.
2025-07-19T10:04:15.633+0700 [DEBUG] [org.gradle.cache.internal.DefaultFileLockManager] Lock acquired on daemon addresses registry.
2025-07-19T10:04:15.634+0700 [DEBUG] [org.gradle.cache.internal.DefaultFileLockManager] Releasing lock on daemon addresses registry.
2025-07-19T10:04:15.760+0700 [DEBUG] [org.gradle.internal.watch.vfs.impl.WatchingVirtualFileSystem] Handling VFS change CREATED C:\Android Project\iShop\app\src\main\java\com\example\ishop\Database\DBHelper.java~
2025-07-19T10:04:15.766+0700 [DEBUG] [org.gradle.internal.watch.vfs.impl.WatchingVirtualFileSystem] Handling VFS change MODIFIED C:\Android Project\iShop\app\src\main\java\com\example\ishop\Database\DBHelper.java
2025-07-19T10:04:17.001+0700 [DEBUG] [org.gradle.process.internal.health.memory.DefaultMemoryManager] 789794406 physical memory requested, 713236480 free
2025-07-19T10:04:17.001+0700 [DEBUG] [org.gradle.workers.internal.WorkerDaemonExpiration] Will attempt to release 753 of memory
2025-07-19T10:04:17.001+0700 [DEBUG] [org.gradle.process.internal.health.memory.DefaultMemoryManager] 789794406 physical memory requested, 0 released, 713236480 free
2025-07-19T10:04:25.621+0700 [DEBUG] [org.gradle.cache.internal.DefaultFileLockManager] Waiting to acquire shared lock on daemon addresses registry.
2025-07-19T10:04:25.622+0700 [DEBUG] [org.gradle.cache.internal.DefaultFileLockManager] Lock acquired on daemon addresses registry.
2025-07-19T10:04:25.622+0700 [DEBUG] [org.gradle.cache.internal.DefaultFileLockManager] Releasing lock on daemon addresses registry.
2025-07-19T10:04:25.624+0700 [DEBUG] [org.gradle.cache.internal.DefaultFileLockManager] Waiting to acquire shared lock on daemon addresses registry.
2025-07-19T10:04:25.624+0700 [DEBUG] [org.gradle.cache.internal.DefaultFileLockManager] Lock acquired on daemon addresses registry.
2025-07-19T10:04:25.624+0700 [DEBUG] [org.gradle.cache.internal.DefaultFileLockManager] Releasing lock on daemon addresses registry.
2025-07-19T10:04:25.625+0700 [DEBUG] [org.gradle.cache.internal.DefaultFileLockManager] Waiting to acquire shared lock on daemon addresses registry.
2025-07-19T10:04:25.625+0700 [DEBUG] [org.gradle.cache.internal.DefaultFileLockManager] Lock acquired on daemon addresses registry.
2025-07-19T10:04:25.625+0700 [DEBUG] [org.gradle.cache.internal.DefaultFileLockManager] Releasing lock on daemon addresses registry.
2025-07-19T10:04:27.009+0700 [DEBUG] [org.gradle.process.internal.health.memory.DefaultMemoryManager] 1706285875 virtual memory requested, 1658544128 free
2025-07-19T10:04:27.009+0700 [DEBUG] [org.gradle.workers.internal.WorkerDaemonExpiration] Will attempt to release 1627 of memory
2025-07-19T10:04:27.009+0700 [DEBUG] [org.gradle.process.internal.health.memory.DefaultMemoryManager] 1706285875 virtual memory requested, 0 released, 1658544128 free
2025-07-19T10:04:35.623+0700 [DEBUG] [org.gradle.cache.internal.DefaultFileLockManager] Waiting to acquire shared lock on daemon addresses registry.
2025-07-19T10:04:35.623+0700 [DEBUG] [org.gradle.cache.internal.DefaultFileLockManager] Lock acquired on daemon addresses registry.
2025-07-19T10:04:35.635+0700 [DEBUG] [org.gradle.cache.internal.DefaultFileLockManager] Releasing lock on daemon addresses registry.
2025-07-19T10:04:35.636+0700 [DEBUG] [org.gradle.cache.internal.DefaultFileLockManager] Waiting to acquire shared lock on daemon addresses registry.
2025-07-19T10:04:35.636+0700 [DEBUG] [org.gradle.cache.internal.DefaultFileLockManager] Lock acquired on daemon addresses registry.
2025-07-19T10:04:35.636+0700 [DEBUG] [org.gradle.cache.internal.DefaultFileLockManager] Releasing lock on daemon addresses registry.
2025-07-19T10:04:35.637+0700 [DEBUG] [org.gradle.cache.internal.DefaultFileLockManager] Waiting to acquire shared lock on daemon addresses registry.
2025-07-19T10:04:35.637+0700 [DEBUG] [org.gradle.cache.internal.DefaultFileLockManager] Lock acquired on daemon addresses registry.
2025-07-19T10:04:35.637+0700 [DEBUG] [org.gradle.cache.internal.DefaultFileLockManager] Releasing lock on daemon addresses registry.
2025-07-19T10:04:37.526+0700 [DEBUG] [org.gradle.internal.remote.internal.inet.TcpIncomingConnector] Accepted connection from /127.0.0.1:57266 to /127.0.0.1:57060.
2025-07-19T10:04:37.551+0700 [DEBUG] [org.gradle.launcher.daemon.server.SynchronizedDispatchConnection] thread 368: received class org.gradle.launcher.daemon.protocol.Build
2025-07-19T10:04:37.551+0700 [DEBUG] [org.gradle.launcher.daemon.server.DefaultDaemonConnection] thread 368: Received non-IO message from client: Build{id=5055cfbe-0120-462d-865f-4d8989578a03, currentDir=C:\Android Project\iShop}
2025-07-19T10:04:37.552+0700 [INFO] [org.gradle.launcher.daemon.server.DefaultIncomingConnectionHandler] Received command: Build{id=5055cfbe-0120-462d-865f-4d8989578a03, currentDir=C:\Android Project\iShop}.
2025-07-19T10:04:37.552+0700 [DEBUG] [org.gradle.launcher.daemon.server.DefaultIncomingConnectionHandler] Starting executing command: Build{id=5055cfbe-0120-462d-865f-4d8989578a03, currentDir=C:\Android Project\iShop} with connection: socket connection from /127.0.0.1:57060 to /127.0.0.1:57266.
2025-07-19T10:04:37.555+0700 [DEBUG] [org.gradle.launcher.daemon.server.DaemonStateCoordinator] Command execution: started DaemonCommandExecution[command = Build{id=5055cfbe-0120-462d-865f-4d8989578a03, currentDir=C:\Android Project\iShop}, connection = DefaultDaemonConnection: socket connection from /127.0.0.1:57060 to /127.0.0.1:57266] after 3.6977166666666665 minutes of idle
2025-07-19T10:04:37.555+0700 [INFO] [org.gradle.launcher.daemon.server.DaemonRegistryUpdater] Marking the daemon as busy, address: [94aafea4-a752-403c-b001-efdcb329b0c2 port:57060, addresses:[localhost/127.0.0.1]]
2025-07-19T10:04:37.555+0700 [DEBUG] [org.gradle.launcher.daemon.registry.PersistentDaemonRegistry] Marking busy by address: [94aafea4-a752-403c-b001-efdcb329b0c2 port:57060, addresses:[localhost/127.0.0.1]]
2025-07-19T10:04:37.556+0700 [DEBUG] [org.gradle.cache.internal.DefaultFileLockManager] Waiting to acquire exclusive lock on daemon addresses registry.
2025-07-19T10:04:37.557+0700 [DEBUG] [org.gradle.cache.internal.DefaultFileLockManager] Lock acquired on daemon addresses registry.
2025-07-19T10:04:37.560+0700 [DEBUG] [org.gradle.cache.internal.DefaultFileLockManager] Releasing lock on daemon addresses registry.
2025-07-19T10:04:37.560+0700 [DEBUG] [org.gradle.launcher.daemon.server.DaemonStateCoordinator] resetting idle timer
2025-07-19T10:04:37.560+0700 [DEBUG] [org.gradle.launcher.daemon.server.DaemonStateCoordinator] daemon is running. Sleeping until state changes.
2025-07-19T10:04:37.561+0700 [INFO] [org.gradle.launcher.daemon.server.exec.StartBuildOrRespondWithBusy] Daemon is about to start building Build{id=5055cfbe-0120-462d-865f-4d8989578a03, currentDir=C:\Android Project\iShop}. Dispatching build started information...
2025-07-19T10:04:37.561+0700 [DEBUG] [org.gradle.launcher.daemon.server.SynchronizedDispatchConnection] thread 370: dispatching org.gradle.launcher.daemon.protocol.BuildStarted@6075bd47
2025-07-19T10:04:37.564+0700 [DEBUG] [org.gradle.launcher.daemon.server.exec.EstablishBuildEnvironment] Configuring env variables: [USERDOMAIN_ROAMINGPROFILE, LOCALAPPDATA, PROCESSOR_LEVEL, USERDOMAIN, LOGONSERVER, FPS_BROWSER_APP_PROFILE_STRING, SESSIONNAME, ALLUSERSPROFILE, PROCESSOR_ARCHITECTURE, __COMPAT_LAYER, PSModulePath, SystemDrive, EFC_10376_1592913036, OneDrive, APPDATA, USERNAME, ProgramFiles(x86), CommonProgramFiles, Path, FPS_BROWSER_USER_PROFILE_STRING, PATHEXT, DriverData, OS, OneDriveConsumer, COMPUTERNAME, PROCESSOR_REVISION, CommonProgramW6432, ComSpec, ProgramData, ProgramW6432, TEMP, HOMEPATH, SystemRoot, PROCESSOR_IDENTIFIER, HOMEDRIVE, USERPROFILE, TMP, CommonProgramFiles(x86), ProgramFiles, PUBLIC, windir, NUMBER_OF_PROCESSORS, =::]
2025-07-19T10:04:37.569+0700 [DEBUG] [org.gradle.launcher.daemon.server.exec.LogToClient] About to start relaying all logs to the client via the connection.
2025-07-19T10:04:37.570+0700 [INFO] [org.gradle.launcher.daemon.server.exec.LogToClient] The client will now receive all logging from the daemon (pid: 1912). The daemon log file: C:\Android Project\iShop\daemon\8.13\daemon-1912.out.log
2025-07-19T10:04:37.577+0700 [INFO] [org.gradle.launcher.daemon.server.exec.LogAndCheckHealth] Starting 3rd build in daemon [uptime: 9 mins 42.263 secs, performance: 98%, GC rate: 0.00/s, heap usage: 0% of 2 GiB]
2025-07-19T10:04:37.578+0700 [DEBUG] [org.gradle.launcher.daemon.server.exec.ExecuteBuild] The daemon has started executing the build.
2025-07-19T10:04:37.578+0700 [DEBUG] [org.gradle.launcher.daemon.server.exec.ExecuteBuild] Executing build with daemon context: DefaultDaemonContext[uid=7f8dc95a-a81c-43d1-a518-973fdc78349a,javaHome=C:\Program Files\Android\Android Studio\jbr,javaVersion=21,javaVendor=JetBrains s.r.o.,daemonRegistryDir=C:\Android Project\iShop\daemon,pid=1912,idleTimeout=10800000,priority=NORMAL,applyInstrumentationAgent=true,nativeServicesMode=ENABLED,daemonOpts=-Xmx2048m,-Dfile.encoding=UTF-8,-Duser.country=US,-Duser.language=en,-Duser.variant]
Java compiler version 21 has deprecated support for compiling with source/target version 8.
Try one of the following options:
    1. [Recommended] Use Java toolchain with a lower language version
    2. Set a higher source/target version
    3. Use a lower version of the JDK running the build (if you're not using Java toolchain)
For more details on how to configure these settings, see https://developer.android.com/build/jdks.
To suppress this warning, set android.javaCompile.suppressSourceTargetDeprecationWarning=true in gradle.properties.
warning: [options] source value 8 is obsolete and will be removed in a future release
warning: [options] target value 8 is obsolete and will be removed in a future release
warning: [options] To suppress warnings about obsolete options, use -Xlint:-options.
3 warnings

[Incubating] Problems report is available at: file:///C:/Android%20Project/iShop/build/reports/problems/problems-report.html

BUILD SUCCESSFUL in 3s
31 actionable tasks: 4 executed, 27 up-to-date
2025-07-19T10:04:40.913+0700 [DEBUG] [org.gradle.launcher.daemon.server.exec.ExecuteBuild] The daemon has finished executing the build.
2025-07-19T10:04:40.930+0700 [DEBUG] [org.gradle.launcher.daemon.server.DaemonStateCoordinator] daemon is running. Sleeping until state changes.
2025-07-19T10:04:40.932+0700 [DEBUG] [org.gradle.launcher.daemon.server.DaemonStateCoordinator] Command execution: finished waiting for DaemonCommandExecution[command = Build{id=5055cfbe-0120-462d-865f-4d8989578a03, currentDir=C:\Android Project\iShop}, connection = DefaultDaemonConnection: socket connection from /127.0.0.1:57060 to /127.0.0.1:57266]. Result org.gradle.launcher.daemon.server.DaemonStateCoordinator@441ac5f3 with state Busy
2025-07-19T10:04:40.932+0700 [DEBUG] [org.gradle.launcher.daemon.server.DaemonStateCoordinator] Command execution: completed DaemonCommandExecution[command = Build{id=5055cfbe-0120-462d-865f-4d8989578a03, currentDir=C:\Android Project\iShop}, connection = DefaultDaemonConnection: socket connection from /127.0.0.1:57060 to /127.0.0.1:57266]
2025-07-19T10:04:40.932+0700 [DEBUG] [org.gradle.launcher.daemon.server.DaemonStateCoordinator] resetting idle timer
2025-07-19T10:04:40.932+0700 [INFO] [org.gradle.launcher.daemon.server.DaemonRegistryUpdater] Marking the daemon as idle, address: [94aafea4-a752-403c-b001-efdcb329b0c2 port:57060, addresses:[localhost/127.0.0.1]]
2025-07-19T10:04:40.932+0700 [DEBUG] [org.gradle.launcher.daemon.registry.PersistentDaemonRegistry] Marking busy by address: [94aafea4-a752-403c-b001-efdcb329b0c2 port:57060, addresses:[localhost/127.0.0.1]]
2025-07-19T10:04:40.933+0700 [DEBUG] [org.gradle.cache.internal.DefaultFileLockManager] Waiting to acquire exclusive lock on daemon addresses registry.
2025-07-19T10:04:40.933+0700 [DEBUG] [org.gradle.cache.internal.DefaultFileLockManager] Lock acquired on daemon addresses registry.
2025-07-19T10:04:40.934+0700 [DEBUG] [org.gradle.cache.internal.DefaultFileLockManager] Releasing lock on daemon addresses registry.
2025-07-19T10:04:40.934+0700 [DEBUG] [org.gradle.launcher.daemon.server.DaemonStateCoordinator] daemon is running. Sleeping until state changes.
2025-07-19T10:04:40.934+0700 [DEBUG] [org.gradle.launcher.daemon.server.exec.ReturnResult] Daemon is dispatching the build result: Success[value=org.gradle.launcher.exec.BuildActionResult@451dcc88]
2025-07-19T10:04:40.935+0700 [DEBUG] [org.gradle.launcher.daemon.server.SynchronizedDispatchConnection] thread 367: dispatching Success[value=org.gradle.launcher.exec.BuildActionResult@451dcc88]
2025-07-19T10:04:40.936+0700 [DEBUG] [org.gradle.launcher.daemon.server.SynchronizedDispatchConnection] thread 368: received class org.gradle.launcher.daemon.protocol.CloseInput
2025-07-19T10:04:40.937+0700 [DEBUG] [org.gradle.launcher.daemon.server.DefaultDaemonConnection] thread 368: Received IO message from client: org.gradle.launcher.daemon.protocol.CloseInput@866c049
2025-07-19T10:04:40.937+0700 [DEBUG] [org.gradle.launcher.daemon.server.SynchronizedDispatchConnection] thread 368: received class org.gradle.launcher.daemon.protocol.Finished
2025-07-19T10:04:40.937+0700 [DEBUG] [org.gradle.launcher.daemon.server.DefaultDaemonConnection] thread 368: Received non-IO message from client: org.gradle.launcher.daemon.protocol.Finished@6a13f35
2025-07-19T10:04:40.937+0700 [DEBUG] [org.gradle.internal.remote.internal.inet.SocketConnection] Discarding EOFException: java.io.EOFException
2025-07-19T10:04:40.937+0700 [DEBUG] [org.gradle.launcher.daemon.server.SynchronizedDispatchConnection] thread 368: received null
2025-07-19T10:04:40.937+0700 [DEBUG] [org.gradle.launcher.daemon.server.DefaultDaemonConnection] thread 368: Received end-of-input from client.
2025-07-19T10:04:40.938+0700 [DEBUG] [org.gradle.launcher.daemon.server.DefaultIncomingConnectionHandler] Finishing executing command: Build{id=5055cfbe-0120-462d-865f-4d8989578a03, currentDir=C:\Android Project\iShop}
2025-07-19T10:04:40.938+0700 [WARN] [org.gradle.launcher.daemon.server.DefaultIncomingConnectionHandler] Timed out waiting for finished message from client socket connection from /127.0.0.1:57060 to /127.0.0.1:57266. Discarding connection.
2025-07-19T10:04:40.938+0700 [DEBUG] [org.gradle.launcher.daemon.server.SynchronizedDispatchConnection] thread 367: stopping connection
2025-07-19T10:04:40.938+0700 [DEBUG] [org.gradle.launcher.daemon.server.exec.CleanUpVirtualFileSystemAfterBuild] Cleaning virtual file system after build finished
2025-07-19T10:04:40.938+0700 [DEBUG] [org.gradle.launcher.daemon.server.SynchronizedDispatchConnection] thread 367: stopping connection
2025-07-19T10:04:42.007+0700 [DEBUG] [org.gradle.process.internal.health.memory.DefaultMemoryManager] 789794406 physical memory requested, 519344128 free
2025-07-19T10:04:42.007+0700 [DEBUG] [org.gradle.workers.internal.WorkerDaemonExpiration] Will attempt to release 753 of memory
2025-07-19T10:04:42.007+0700 [DEBUG] [org.gradle.process.internal.health.memory.DefaultMemoryManager] 789794406 physical memory requested, 0 released, 519344128 free
2025-07-19T10:04:45.630+0700 [DEBUG] [org.gradle.cache.internal.DefaultFileLockManager] Waiting to acquire shared lock on daemon addresses registry.
2025-07-19T10:04:45.630+0700 [DEBUG] [org.gradle.cache.internal.DefaultFileLockManager] Lock acquired on daemon addresses registry.
2025-07-19T10:04:45.632+0700 [DEBUG] [org.gradle.cache.internal.DefaultFileLockManager] Releasing lock on daemon addresses registry.
2025-07-19T10:04:45.633+0700 [DEBUG] [org.gradle.cache.internal.DefaultFileLockManager] Waiting to acquire shared lock on daemon addresses registry.
2025-07-19T10:04:45.633+0700 [DEBUG] [org.gradle.cache.internal.DefaultFileLockManager] Lock acquired on daemon addresses registry.
2025-07-19T10:04:45.633+0700 [DEBUG] [org.gradle.cache.internal.DefaultFileLockManager] Releasing lock on daemon addresses registry.
2025-07-19T10:04:55.629+0700 [DEBUG] [org.gradle.cache.internal.DefaultFileLockManager] Waiting to acquire shared lock on daemon addresses registry.
2025-07-19T10:04:55.629+0700 [DEBUG] [org.gradle.cache.internal.DefaultFileLockManager] Lock acquired on daemon addresses registry.
2025-07-19T10:04:55.641+0700 [DEBUG] [org.gradle.cache.internal.DefaultFileLockManager] Releasing lock on daemon addresses registry.
2025-07-19T10:04:55.641+0700 [DEBUG] [org.gradle.cache.internal.DefaultFileLockManager] Waiting to acquire shared lock on daemon addresses registry.
2025-07-19T10:04:55.642+0700 [DEBUG] [org.gradle.cache.internal.DefaultFileLockManager] Lock acquired on daemon addresses registry.
2025-07-19T10:04:55.642+0700 [DEBUG] [org.gradle.cache.internal.DefaultFileLockManager] Releasing lock on daemon addresses registry.
2025-07-19T10:04:55.642+0700 [DEBUG] [org.gradle.cache.internal.DefaultFileLockManager] Waiting to acquire shared lock on daemon addresses registry.
2025-07-19T10:04:55.643+0700 [DEBUG] [org.gradle.cache.internal.DefaultFileLockManager] Lock acquired on daemon addresses registry.
2025-07-19T10:04:55.643+0700 [DEBUG] [org.gradle.cache.internal.DefaultFileLockManager] Releasing lock on daemon addresses registry.
2025-07-19T10:05:01.996+0700 [DEBUG] [org.gradle.process.internal.health.memory.DefaultMemoryManager] 789794406 physical memory requested, 785551360 free
2025-07-19T10:05:01.996+0700 [DEBUG] [org.gradle.workers.internal.WorkerDaemonExpiration] Will attempt to release 753 of memory
2025-07-19T10:05:01.996+0700 [DEBUG] [org.gradle.process.internal.health.memory.DefaultMemoryManager] 789794406 physical memory requested, 0 released, 785551360 free
2025-07-19T10:05:05.631+0700 [DEBUG] [org.gradle.cache.internal.DefaultFileLockManager] Waiting to acquire shared lock on daemon addresses registry.
2025-07-19T10:05:05.631+0700 [DEBUG] [org.gradle.cache.internal.DefaultFileLockManager] Lock acquired on daemon addresses registry.
2025-07-19T10:05:05.633+0700 [DEBUG] [org.gradle.cache.internal.DefaultFileLockManager] Releasing lock on daemon addresses registry.
2025-07-19T10:05:05.634+0700 [DEBUG] [org.gradle.cache.internal.DefaultFileLockManager] Waiting to acquire shared lock on daemon addresses registry.
2025-07-19T10:05:05.634+0700 [DEBUG] [org.gradle.cache.internal.DefaultFileLockManager] Lock acquired on daemon addresses registry.
2025-07-19T10:05:05.634+0700 [DEBUG] [org.gradle.cache.internal.DefaultFileLockManager] Releasing lock on daemon addresses registry.
2025-07-19T10:05:05.635+0700 [DEBUG] [org.gradle.cache.internal.DefaultFileLockManager] Waiting to acquire shared lock on daemon addresses registry.
2025-07-19T10:05:05.635+0700 [DEBUG] [org.gradle.cache.internal.DefaultFileLockManager] Lock acquired on daemon addresses registry.
2025-07-19T10:05:05.636+0700 [DEBUG] [org.gradle.cache.internal.DefaultFileLockManager] Releasing lock on daemon addresses registry.
2025-07-19T10:05:07.006+0700 [DEBUG] [org.gradle.process.internal.health.memory.DefaultMemoryManager] 789794406 physical memory requested, 784834560 free
2025-07-19T10:05:07.007+0700 [DEBUG] [org.gradle.workers.internal.WorkerDaemonExpiration] Will attempt to release 753 of memory
2025-07-19T10:05:07.007+0700 [DEBUG] [org.gradle.process.internal.health.memory.DefaultMemoryManager] 789794406 physical memory requested, 0 released, 784834560 free
2025-07-19T10:05:15.632+0700 [DEBUG] [org.gradle.cache.internal.DefaultFileLockManager] Waiting to acquire shared lock on daemon addresses registry.
2025-07-19T10:05:15.632+0700 [DEBUG] [org.gradle.cache.internal.DefaultFileLockManager] Lock acquired on daemon addresses registry.
2025-07-19T10:05:15.632+0700 [DEBUG] [org.gradle.cache.internal.DefaultFileLockManager] Releasing lock on daemon addresses registry.
2025-07-19T10:05:15.633+0700 [DEBUG] [org.gradle.cache.internal.DefaultFileLockManager] Waiting to acquire shared lock on daemon addresses registry.
2025-07-19T10:05:15.633+0700 [DEBUG] [org.gradle.cache.internal.DefaultFileLockManager] Lock acquired on daemon addresses registry.
2025-07-19T10:05:15.644+0700 [DEBUG] [org.gradle.cache.internal.DefaultFileLockManager] Releasing lock on daemon addresses registry.
2025-07-19T10:05:15.645+0700 [DEBUG] [org.gradle.cache.internal.DefaultFileLockManager] Waiting to acquire shared lock on daemon addresses registry.
2025-07-19T10:05:15.645+0700 [DEBUG] [org.gradle.cache.internal.DefaultFileLockManager] Lock acquired on daemon addresses registry.
2025-07-19T10:05:15.647+0700 [DEBUG] [org.gradle.cache.internal.DefaultFileLockManager] Releasing lock on daemon addresses registry.
2025-07-19T10:05:22.003+0700 [DEBUG] [org.gradle.process.internal.health.memory.DefaultMemoryManager] 789794406 physical memory requested, 561012736 free
2025-07-19T10:05:22.004+0700 [DEBUG] [org.gradle.workers.internal.WorkerDaemonExpiration] Will attempt to release 753 of memory
2025-07-19T10:05:22.004+0700 [DEBUG] [org.gradle.process.internal.health.memory.DefaultMemoryManager] 789794406 physical memory requested, 0 released, 561012736 free
2025-07-19T10:05:25.630+0700 [DEBUG] [org.gradle.cache.internal.DefaultFileLockManager] Waiting to acquire shared lock on daemon addresses registry.
2025-07-19T10:05:25.630+0700 [DEBUG] [org.gradle.cache.internal.DefaultFileLockManager] Lock acquired on daemon addresses registry.
2025-07-19T10:05:25.630+0700 [DEBUG] [org.gradle.cache.internal.DefaultFileLockManager] Releasing lock on daemon addresses registry.
2025-07-19T10:05:25.631+0700 [DEBUG] [org.gradle.cache.internal.DefaultFileLockManager] Waiting to acquire shared lock on daemon addresses registry.
2025-07-19T10:05:25.631+0700 [DEBUG] [org.gradle.cache.internal.DefaultFileLockManager] Lock acquired on daemon addresses registry.
2025-07-19T10:05:25.632+0700 [DEBUG] [org.gradle.cache.internal.DefaultFileLockManager] Releasing lock on daemon addresses registry.
2025-07-19T10:05:25.632+0700 [DEBUG] [org.gradle.cache.internal.DefaultFileLockManager] Waiting to acquire shared lock on daemon addresses registry.
2025-07-19T10:05:25.633+0700 [DEBUG] [org.gradle.cache.internal.DefaultFileLockManager] Lock acquired on daemon addresses registry.
2025-07-19T10:05:25.633+0700 [DEBUG] [org.gradle.cache.internal.DefaultFileLockManager] Releasing lock on daemon addresses registry.
2025-07-19T10:05:27.000+0700 [DEBUG] [org.gradle.process.internal.health.memory.DefaultMemoryManager] 789794406 physical memory requested, 682901504 free
2025-07-19T10:05:27.001+0700 [DEBUG] [org.gradle.workers.internal.WorkerDaemonExpiration] Will attempt to release 753 of memory
2025-07-19T10:05:27.002+0700 [DEBUG] [org.gradle.process.internal.health.memory.DefaultMemoryManager] 789794406 physical memory requested, 0 released, 682901504 free
2025-07-19T10:05:32.004+0700 [DEBUG] [org.gradle.process.internal.health.memory.DefaultMemoryManager] 789794406 physical memory requested, 637886464 free
2025-07-19T10:05:32.005+0700 [DEBUG] [org.gradle.workers.internal.WorkerDaemonExpiration] Will attempt to release 753 of memory
2025-07-19T10:05:32.005+0700 [DEBUG] [org.gradle.process.internal.health.memory.DefaultMemoryManager] 789794406 physical memory requested, 0 released, 637886464 free
2025-07-19T10:05:35.629+0700 [DEBUG] [org.gradle.cache.internal.DefaultFileLockManager] Waiting to acquire shared lock on daemon addresses registry.
2025-07-19T10:05:35.630+0700 [DEBUG] [org.gradle.cache.internal.DefaultFileLockManager] Lock acquired on daemon addresses registry.
2025-07-19T10:05:35.630+0700 [DEBUG] [org.gradle.cache.internal.DefaultFileLockManager] Releasing lock on daemon addresses registry.
2025-07-19T10:05:35.632+0700 [DEBUG] [org.gradle.cache.internal.DefaultFileLockManager] Waiting to acquire shared lock on daemon addresses registry.
2025-07-19T10:05:35.632+0700 [DEBUG] [org.gradle.cache.internal.DefaultFileLockManager] Lock acquired on daemon addresses registry.
2025-07-19T10:05:35.632+0700 [DEBUG] [org.gradle.cache.internal.DefaultFileLockManager] Releasing lock on daemon addresses registry.
2025-07-19T10:05:35.633+0700 [DEBUG] [org.gradle.cache.internal.DefaultFileLockManager] Waiting to acquire shared lock on daemon addresses registry.
2025-07-19T10:05:35.633+0700 [DEBUG] [org.gradle.cache.internal.DefaultFileLockManager] Lock acquired on daemon addresses registry.
2025-07-19T10:05:35.633+0700 [DEBUG] [org.gradle.cache.internal.DefaultFileLockManager] Releasing lock on daemon addresses registry.
2025-07-19T10:05:37.015+0700 [DEBUG] [org.gradle.process.internal.health.memory.DefaultMemoryManager] 789794406 physical memory requested, 632930304 free
2025-07-19T10:05:37.015+0700 [DEBUG] [org.gradle.workers.internal.WorkerDaemonExpiration] Will attempt to release 753 of memory
2025-07-19T10:05:37.015+0700 [DEBUG] [org.gradle.process.internal.health.memory.DefaultMemoryManager] 789794406 physical memory requested, 0 released, 632930304 free
2025-07-19T10:05:42.000+0700 [DEBUG] [org.gradle.process.internal.health.memory.DefaultMemoryManager] 789794406 physical memory requested, 593268736 free
2025-07-19T10:05:42.000+0700 [DEBUG] [org.gradle.workers.internal.WorkerDaemonExpiration] Will attempt to release 753 of memory
2025-07-19T10:05:42.000+0700 [DEBUG] [org.gradle.process.internal.health.memory.DefaultMemoryManager] 789794406 physical memory requested, 0 released, 593268736 free
2025-07-19T10:05:45.625+0700 [DEBUG] [org.gradle.cache.internal.DefaultFileLockManager] Waiting to acquire shared lock on daemon addresses registry.
2025-07-19T10:05:45.625+0700 [DEBUG] [org.gradle.cache.internal.DefaultFileLockManager] Lock acquired on daemon addresses registry.
2025-07-19T10:05:45.625+0700 [DEBUG] [org.gradle.cache.internal.DefaultFileLockManager] Releasing lock on daemon addresses registry.
2025-07-19T10:05:45.626+0700 [DEBUG] [org.gradle.cache.internal.DefaultFileLockManager] Waiting to acquire shared lock on daemon addresses registry.
2025-07-19T10:05:45.626+0700 [DEBUG] [org.gradle.cache.internal.DefaultFileLockManager] Lock acquired on daemon addresses registry.
2025-07-19T10:05:45.626+0700 [DEBUG] [org.gradle.cache.internal.DefaultFileLockManager] Releasing lock on daemon addresses registry.
2025-07-19T10:05:45.627+0700 [DEBUG] [org.gradle.cache.internal.DefaultFileLockManager] Waiting to acquire shared lock on daemon addresses registry.
2025-07-19T10:05:45.627+0700 [DEBUG] [org.gradle.cache.internal.DefaultFileLockManager] Lock acquired on daemon addresses registry.
2025-07-19T10:05:45.627+0700 [DEBUG] [org.gradle.cache.internal.DefaultFileLockManager] Releasing lock on daemon addresses registry.
2025-07-19T10:05:47.005+0700 [DEBUG] [org.gradle.process.internal.health.memory.DefaultMemoryManager] 789794406 physical memory requested, 612601856 free
2025-07-19T10:05:47.005+0700 [DEBUG] [org.gradle.workers.internal.WorkerDaemonExpiration] Will attempt to release 753 of memory
2025-07-19T10:05:47.005+0700 [DEBUG] [org.gradle.process.internal.health.memory.DefaultMemoryManager] 789794406 physical memory requested, 0 released, 612601856 free
2025-07-19T10:05:51.995+0700 [DEBUG] [org.gradle.process.internal.health.memory.DefaultMemoryManager] 789794406 physical memory requested, 610029568 free
2025-07-19T10:05:51.995+0700 [DEBUG] [org.gradle.workers.internal.WorkerDaemonExpiration] Will attempt to release 753 of memory
2025-07-19T10:05:51.995+0700 [DEBUG] [org.gradle.process.internal.health.memory.DefaultMemoryManager] 789794406 physical memory requested, 0 released, 610029568 free
2025-07-19T10:05:52.581+0700 [DEBUG] [org.gradle.internal.remote.internal.inet.TcpIncomingConnector] Accepted connection from /127.0.0.1:57293 to /127.0.0.1:57060.
2025-07-19T10:05:52.629+0700 [DEBUG] [org.gradle.launcher.daemon.server.SynchronizedDispatchConnection] thread 483: received class org.gradle.launcher.daemon.protocol.StopWhenIdle
2025-07-19T10:05:52.630+0700 [DEBUG] [org.gradle.launcher.daemon.server.DefaultDaemonConnection] thread 483: Received non-IO message from client: StopWhenIdle[id=5637e157-b5a2-4318-94d1-f9de0c8e7202]
2025-07-19T10:05:52.631+0700 [INFO] [org.gradle.launcher.daemon.server.DefaultIncomingConnectionHandler] Received command: StopWhenIdle[id=5637e157-b5a2-4318-94d1-f9de0c8e7202].
2025-07-19T10:05:52.631+0700 [DEBUG] [org.gradle.launcher.daemon.server.DefaultIncomingConnectionHandler] Starting executing command: StopWhenIdle[id=5637e157-b5a2-4318-94d1-f9de0c8e7202] with connection: socket connection from /127.0.0.1:57060 to /127.0.0.1:57293.
2025-07-19T10:05:52.641+0700 [DEBUG] [org.gradle.launcher.daemon.server.DaemonRegistryUpdater] Storing daemon stop event: stop command received
2025-07-19T10:05:52.641+0700 [DEBUG] [org.gradle.launcher.daemon.registry.PersistentDaemonRegistry] Storing daemon stop event with timestamp 1752894352640
2025-07-19T10:05:52.664+0700 [DEBUG] [org.gradle.cache.internal.DefaultFileLockManager] Waiting to acquire exclusive lock on daemon addresses registry.
2025-07-19T10:05:52.665+0700 [DEBUG] [org.gradle.cache.internal.DefaultFileLockManager] Lock acquired on daemon addresses registry.
2025-07-19T10:05:52.667+0700 [DEBUG] [org.gradle.cache.internal.DefaultFileLockManager] Releasing lock on daemon addresses registry.
2025-07-19T10:05:52.667+0700 [LIFECYCLE] [org.gradle.launcher.daemon.server.DaemonStateCoordinator] Daemon will be stopped at the end of the build stop command received
2025-07-19T10:05:52.668+0700 [DEBUG] [org.gradle.launcher.daemon.server.DaemonStateCoordinator] Marking daemon stopped due to stop command received. The daemon is not running a build
2025-07-19T10:05:52.668+0700 [DEBUG] [org.gradle.launcher.daemon.server.SynchronizedDispatchConnection] thread 482: dispatching Success[value=null]
2025-07-19T10:05:52.668+0700 [DEBUG] [org.gradle.launcher.daemon.server.DaemonStateCoordinator] daemon has stopped.
2025-07-19T10:05:52.668+0700 [DEBUG] [org.gradle.launcher.daemon.server.SynchronizedDispatchConnection] thread 483: received class org.gradle.launcher.daemon.protocol.Finished
2025-07-19T10:05:52.668+0700 [DEBUG] [org.gradle.launcher.daemon.server.DefaultIncomingConnectionHandler] Finishing executing command: StopWhenIdle[id=5637e157-b5a2-4318-94d1-f9de0c8e7202]
2025-07-19T10:05:52.669+0700 [DEBUG] [org.gradle.launcher.daemon.server.DefaultDaemonConnection] thread 483: Received non-IO message from client: org.gradle.launcher.daemon.protocol.Finished@6403e12b
2025-07-19T10:05:52.669+0700 [DEBUG] [org.gradle.launcher.daemon.server.DefaultIncomingConnectionHandler] Received finished message: org.gradle.launcher.daemon.protocol.Finished@6403e12b
2025-07-19T10:05:52.669+0700 [DEBUG] [org.gradle.launcher.daemon.server.SynchronizedDispatchConnection] thread 482: stopping connection
2025-07-19T10:05:52.669+0700 [DEBUG] [org.gradle.internal.remote.internal.inet.SocketConnection] Discarding EOFException: java.io.EOFException
2025-07-19T10:05:52.673+0700 [DEBUG] [org.gradle.launcher.daemon.server.SynchronizedDispatchConnection] thread 483: received null
2025-07-19T10:05:52.673+0700 [DEBUG] [org.gradle.launcher.daemon.server.DefaultDaemonConnection] thread 483: Received end-of-input from client.
2025-07-19T10:05:52.673+0700 [DEBUG] [org.gradle.launcher.daemon.server.SynchronizedDispatchConnection] thread 482: stopping connection
2025-07-19T10:05:52.682+0700 [DEBUG] [org.gradle.launcher.daemon.server.Daemon] stop() called on daemon
2025-07-19T10:05:52.683+0700 [INFO] [org.gradle.launcher.daemon.server.Daemon] Stop requested. Daemon is removing its presence from the registry...
2025-07-19T10:05:52.684+0700 [DEBUG] [org.gradle.launcher.daemon.server.DaemonRegistryUpdater] Removing our presence to clients, eg. removing this address from the registry: [94aafea4-a752-403c-b001-efdcb329b0c2 port:57060, addresses:[localhost/127.0.0.1]]
2025-07-19T10:05:52.684+0700 [DEBUG] [org.gradle.launcher.daemon.registry.PersistentDaemonRegistry] Removing daemon address: [94aafea4-a752-403c-b001-efdcb329b0c2 port:57060, addresses:[localhost/127.0.0.1]]
2025-07-19T10:05:52.691+0700 [DEBUG] [org.gradle.cache.internal.DefaultFileLockManager] Waiting to acquire exclusive lock on daemon addresses registry.
2025-07-19T10:05:52.692+0700 [DEBUG] [org.gradle.cache.internal.DefaultFileLockManager] Lock acquired on daemon addresses registry.
2025-07-19T10:05:52.694+0700 [DEBUG] [org.gradle.cache.internal.DefaultFileLockManager] Releasing lock on daemon addresses registry.
2025-07-19T10:05:52.695+0700 [DEBUG] [org.gradle.launcher.daemon.server.DaemonRegistryUpdater] Address removed from registry.
2025-07-19T10:05:52.817+0700 [DEBUG] [org.gradle.cache.internal.DefaultCacheCleanupExecutor] jars (C:\Android Project\iShop\caches\jars-9) has last been fully cleaned up 2 hours ago
2025-07-19T10:05:52.817+0700 [DEBUG] [org.gradle.cache.internal.DefaultCacheCleanupExecutor] Skipping cleanup for jars (C:\Android Project\iShop\caches\jars-9) as it is not yet due
2025-07-19T10:05:52.817+0700 [DEBUG] [org.gradle.cache.internal.DefaultCacheCoordinator] Cache jars (C:\Android Project\iShop\caches\jars-9) was closed 0 times.
2025-07-19T10:05:52.821+0700 [DEBUG] [org.gradle.cache.internal.LockOnDemandCrossProcessCacheAccess] Releasing file lock for file content cache (C:\Android Project\iShop\caches\8.13\fileContent)
2025-07-19T10:05:52.822+0700 [DEBUG] [org.gradle.cache.internal.DefaultFileLockManager] Releasing lock on file content cache (C:\Android Project\iShop\caches\8.13\fileContent).
2025-07-19T10:05:52.824+0700 [DEBUG] [org.gradle.internal.watch.vfs.impl.WatchingVirtualFileSystem] Closing VFS, dropping state
2025-07-19T10:05:52.854+0700 [DEBUG] [org.gradle.cache.internal.LockOnDemandCrossProcessCacheAccess] Releasing file lock for Generated Gradle JARs cache (C:\Android Project\iShop\caches\8.13\generated-gradle-jars)
2025-07-19T10:05:52.854+0700 [DEBUG] [org.gradle.internal.watch.registry.impl.DefaultFileWatcherRegistry] Finished listening to file system change events
2025-07-19T10:05:52.854+0700 [DEBUG] [org.gradle.cache.internal.DefaultFileLockManager] Releasing lock on Generated Gradle JARs cache (C:\Android Project\iShop\caches\8.13\generated-gradle-jars).
2025-07-19T10:05:52.856+0700 [DEBUG] [org.gradle.cache.internal.LockOnDemandCrossProcessCacheAccess] Releasing file lock for artifact cache (C:\Android Project\iShop\caches\modules-2)
2025-07-19T10:05:52.857+0700 [DEBUG] [org.gradle.cache.internal.btree.BTreePersistentIndexedCache] Closing cache module-artifact.bin (C:\Android Project\iShop\caches\modules-2\metadata-2.107\module-artifact.bin)
2025-07-19T10:05:52.858+0700 [DEBUG] [org.gradle.cache.internal.btree.BTreePersistentIndexedCache] Closing cache module-metadata.bin (C:\Android Project\iShop\caches\modules-2\metadata-2.107\module-metadata.bin)
2025-07-19T10:05:52.860+0700 [DEBUG] [org.gradle.cache.internal.DefaultFileLockManager] Releasing lock on artifact cache (C:\Android Project\iShop\caches\modules-2).
2025-07-19T10:05:52.862+0700 [DEBUG] [org.gradle.cache.internal.DefaultCacheCleanupExecutor] artifact cache (C:\Android Project\iShop\caches\modules-2) has last been fully cleaned up 2 hours ago
2025-07-19T10:05:52.862+0700 [DEBUG] [org.gradle.cache.internal.DefaultCacheCleanupExecutor] Skipping cleanup for artifact cache (C:\Android Project\iShop\caches\modules-2) as it is not yet due
2025-07-19T10:05:52.864+0700 [DEBUG] [org.gradle.cache.internal.DefaultCacheCleanupExecutor] groovy-dsl (C:\Android Project\iShop\caches\8.13\groovy-dsl) has last been fully cleaned up 2 hours ago
2025-07-19T10:05:52.864+0700 [DEBUG] [org.gradle.cache.internal.DefaultCacheCleanupExecutor] Skipping cleanup for groovy-dsl (C:\Android Project\iShop\caches\8.13\groovy-dsl) as it is not yet due
2025-07-19T10:05:52.864+0700 [DEBUG] [org.gradle.cache.internal.DefaultCacheCoordinator] Cache groovy-dsl (C:\Android Project\iShop\caches\8.13\groovy-dsl) was closed 0 times.
2025-07-19T10:05:52.864+0700 [DEBUG] [org.gradle.cache.internal.DefaultCacheCleanupExecutor] kotlin-dsl (C:\Android Project\iShop\caches\8.13\kotlin-dsl) has last been fully cleaned up 2 hours ago
2025-07-19T10:05:52.864+0700 [DEBUG] [org.gradle.cache.internal.DefaultCacheCleanupExecutor] Skipping cleanup for kotlin-dsl (C:\Android Project\iShop\caches\8.13\kotlin-dsl) as it is not yet due
2025-07-19T10:05:52.864+0700 [DEBUG] [org.gradle.cache.internal.DefaultCacheCoordinator] Cache kotlin-dsl (C:\Android Project\iShop\caches\8.13\kotlin-dsl) was closed 0 times.
2025-07-19T10:05:52.865+0700 [DEBUG] [org.gradle.cache.internal.DefaultCacheCleanupExecutor] Artifact transforms cache (C:\Android Project\iShop\caches\8.13\transforms) has last been fully cleaned up 2 hours ago
2025-07-19T10:05:52.865+0700 [DEBUG] [org.gradle.cache.internal.DefaultCacheCleanupExecutor] Skipping cleanup for Artifact transforms cache (C:\Android Project\iShop\caches\8.13\transforms) as it is not yet due
2025-07-19T10:05:52.865+0700 [DEBUG] [org.gradle.cache.internal.DefaultCacheCoordinator] Cache Artifact transforms cache (C:\Android Project\iShop\caches\8.13\transforms) was closed 0 times.
2025-07-19T10:05:52.865+0700 [DEBUG] [org.gradle.cache.internal.LockOnDemandCrossProcessCacheAccess] Releasing file lock for journal cache (C:\Android Project\iShop\caches\journal-1)
2025-07-19T10:05:52.866+0700 [DEBUG] [org.gradle.cache.internal.btree.BTreePersistentIndexedCache] Closing cache file-access.bin (C:\Android Project\iShop\caches\journal-1\file-access.bin)
2025-07-19T10:05:52.871+0700 [DEBUG] [org.gradle.cache.internal.DefaultFileLockManager] Releasing lock on journal cache (C:\Android Project\iShop\caches\journal-1).
2025-07-19T10:05:52.874+0700 [DEBUG] [org.gradle.cache.internal.LockOnDemandCrossProcessCacheAccess] Releasing file lock for file hash cache (C:\Android Project\iShop\caches\8.13\fileHashes)
2025-07-19T10:05:52.874+0700 [DEBUG] [org.gradle.cache.internal.btree.BTreePersistentIndexedCache] Closing cache fileHashes.bin (C:\Android Project\iShop\caches\8.13\fileHashes\fileHashes.bin)
2025-07-19T10:05:52.899+0700 [DEBUG] [org.gradle.cache.internal.btree.BTreePersistentIndexedCache] Closing cache resourceHashesCache.bin (C:\Android Project\iShop\caches\8.13\fileHashes\resourceHashesCache.bin)
2025-07-19T10:05:52.900+0700 [DEBUG] [org.gradle.cache.internal.DefaultFileLockManager] Releasing lock on file hash cache (C:\Android Project\iShop\caches\8.13\fileHashes).
2025-07-19T10:05:52.902+0700 [DEBUG] [org.gradle.cache.internal.LockOnDemandCrossProcessCacheAccess] Releasing file lock for Java compile cache (C:\Android Project\iShop\caches\8.13\javaCompile)
2025-07-19T10:05:52.903+0700 [DEBUG] [org.gradle.cache.internal.btree.BTreePersistentIndexedCache] Closing cache jarAnalysis.bin (C:\Android Project\iShop\caches\8.13\javaCompile\jarAnalysis.bin)
2025-07-19T10:05:52.904+0700 [DEBUG] [org.gradle.cache.internal.btree.BTreePersistentIndexedCache] Closing cache classAnalysis.bin (C:\Android Project\iShop\caches\8.13\javaCompile\classAnalysis.bin)
2025-07-19T10:05:52.908+0700 [DEBUG] [org.gradle.cache.internal.DefaultFileLockManager] Releasing lock on Java compile cache (C:\Android Project\iShop\caches\8.13\javaCompile).
2025-07-19T10:05:52.925+0700 [DEBUG] [org.gradle.internal.operations.DefaultBuildOperationRunner] Build operation 'Deleting unused version-specific caches in C:\Android Project\iShop\caches' started
2025-07-19T10:05:52.926+0700 [DEBUG] [org.gradle.internal.operations.DefaultBuildOperationRunner] Completing Build operation 'Deleting unused version-specific caches in C:\Android Project\iShop\caches'
2025-07-19T10:05:52.926+0700 [DEBUG] [org.gradle.internal.operations.DefaultBuildOperationRunner] Build operation 'Deleting unused version-specific caches in C:\Android Project\iShop\caches' completed
2025-07-19T10:05:52.931+0700 [DEBUG] [org.gradle.launcher.daemon.server.Daemon] stop() called on daemon
2025-07-19T10:05:52.932+0700 [INFO] [org.gradle.launcher.daemon.server.Daemon] Stop requested. Daemon is removing its presence from the registry...
2025-07-19T10:05:52.932+0700 [DEBUG] [org.gradle.launcher.daemon.server.DaemonRegistryUpdater] Removing our presence to clients, eg. removing this address from the registry: [94aafea4-a752-403c-b001-efdcb329b0c2 port:57060, addresses:[localhost/127.0.0.1]]
2025-07-19T10:05:52.932+0700 [DEBUG] [org.gradle.launcher.daemon.registry.PersistentDaemonRegistry] Removing daemon address: [94aafea4-a752-403c-b001-efdcb329b0c2 port:57060, addresses:[localhost/127.0.0.1]]
2025-07-19T10:05:52.933+0700 [DEBUG] [org.gradle.cache.internal.DefaultFileLockManager] Waiting to acquire exclusive lock on daemon addresses registry.
2025-07-19T10:05:52.933+0700 [DEBUG] [org.gradle.cache.internal.DefaultFileLockManager] Lock acquired on daemon addresses registry.
2025-07-19T10:05:52.934+0700 [DEBUG] [org.gradle.cache.internal.DefaultFileLockManager] Releasing lock on daemon addresses registry.
2025-07-19T10:05:52.934+0700 [DEBUG] [org.gradle.launcher.daemon.server.DaemonRegistryUpdater] Address removed from registry.
2025-07-19T10:05:53.101+0700 [DEBUG] [org.gradle.cache.internal.locklistener.DefaultFileLockContentionHandler] File lock listener thread completed.
2025-07-19T10:05:53.215+0700 [DEBUG] [java.lang.Runtime] Runtime.exit() called with status: 0
java.lang.Throwable: Runtime.exit(0)
	at java.base/java.lang.Shutdown.logRuntimeExit(Unknown Source)
	at java.base/java.lang.Shutdown.exit(Unknown Source)
	at java.base/java.lang.Runtime.exit(Unknown Source)
	at java.base/java.lang.System.exit(Unknown Source)
	at org.gradle.launcher.bootstrap.ProcessCompleter.complete(ProcessCompleter.java:21)
	at org.gradle.launcher.bootstrap.EntryPoint.run(EntryPoint.java:61)
	at java.base/jdk.internal.reflect.DirectMethodHandleAccessor.invoke(Unknown Source)
	at java.base/java.lang.reflect.Method.invoke(Unknown Source)
	at org.gradle.launcher.bootstrap.ProcessBootstrap.runNoExit(ProcessBootstrap.java:72)
	at org.gradle.launcher.bootstrap.ProcessBootstrap.run(ProcessBootstrap.java:39)
	at org.gradle.launcher.daemon.bootstrap.GradleDaemon.main(GradleDaemon.java:22)
Daemon vm is shutting down... The daemon has exited normally or was terminated in response to a user interrupt.
2025-07-19T10:05:53.236+0700 [DEBUG] [org.gradle.launcher.daemon.registry.PersistentDaemonRegistry] Removing daemon address: [94aafea4-a752-403c-b001-efdcb329b0c2 port:57060, addresses:[localhost/127.0.0.1]]
2025-07-19T10:05:53.237+0700 [DEBUG] [org.gradle.launcher.daemon.server.Daemon] VM shutdown hook was unable to remove the daemon address from the registry. It will be cleaned up later.
java.lang.IllegalStateException: Cannot start managing file contention because this handler has been closed.
	at org.gradle.cache.internal.locklistener.DefaultFileLockContentionHandler.assertNotStopped(DefaultFileLockContentionHandler.java:248)
	at org.gradle.cache.internal.locklistener.DefaultFileLockContentionHandler.reservePort(DefaultFileLockContentionHandler.java:286)
	at org.gradle.cache.internal.DefaultFileLockManager.lock(DefaultFileLockManager.java:124)
	at org.gradle.cache.internal.DefaultFileLockManager.lock(DefaultFileLockManager.java:106)
	at org.gradle.cache.internal.DefaultFileLockManager.lock(DefaultFileLockManager.java:101)
	at org.gradle.cache.internal.OnDemandFileAccess.updateFile(OnDemandFileAccess.java:51)
	at org.gradle.cache.internal.FileBackedObjectHolder.update(FileBackedObjectHolder.java:77)
	at org.gradle.cache.internal.FileIntegrityViolationSuppressingObjectHolderDecorator.lambda$update$0(FileIntegrityViolationSuppressingObjectHolderDecorator.java:48)
	at org.gradle.cache.internal.FileIntegrityViolationSuppressingObjectHolderDecorator.doUpdate(FileIntegrityViolationSuppressingObjectHolderDecorator.java:58)
	at org.gradle.cache.internal.FileIntegrityViolationSuppressingObjectHolderDecorator.update(FileIntegrityViolationSuppressingObjectHolderDecorator.java:48)
	at org.gradle.launcher.daemon.registry.PersistentDaemonRegistry.remove(PersistentDaemonRegistry.java:133)
	at org.gradle.launcher.daemon.server.Daemon$1.run(Daemon.java:133)
	at java.base/java.lang.Thread.run(Unknown Source)
